type,data_dim,laten_dim,n_params,max_set_size,min_value,max_value,label,multisets,train_samples,valid_samples,test_samples,train_label_mean,train_label_std,train_label_min,train_label_max,train_label_median,train_label_mode,train_label_entropy,train_delta,valid_label_mean,valid_label_std,valid_label_min,valid_label_max,valid_label_median,valid_label_mode,valid_label_entropy,valid_delta,test_label_mean,test_label_std,test_label_min,test_label_max,test_label_median,test_label_mode,test_label_entropy,test_delta,max_epochs,patience,min_delta,lr,batch_size,random_seed,weight_decay,grad_norm_threshold,use_batch_sampler,use_gpu,results_out,loss,epochs,avg_train_loss,best_valid_loss,test_mse,test_mae,test_med_ae,test_max_error,test_mape,test_r2,avg_test_loss
mlp,1,8,3053,8,-100,100,longest_seq_length,True,10000,1000,1000,1.1437000036239624,0.36421188712120056,1.0,4.0,1.0,1.0,0.6129390461158177,1.5935304164886475,1.1260000467300415,0.3318493664264679,1.0,2.0,1.0,1.0,0.5466560921316164,1.5713962316513062,1.1519999504089355,0.38327011466026306,1.0,4.0,1.0,1.0,0.6531388175565326,1.5809353590011597,500,15,1e-09,0.001,64,9,0.005,10.0,False,True,mlp-diff-task-sizes-regression.csv,mse,70,0.10898900535076288,0.10445330245420337,0.12930886447429657,0.22322295606136322,0.12084496021270752,2.6548714637756348,0.16342662274837494,0.11972508403299731,0.12857878534123302
mlp,1,8,3453,16,-100,100,longest_seq_length,True,10000,1000,1000,1.4402999877929688,0.5853511095046997,1.0,5.0,1.0,1.0,1.1783930297983656,2.086803913116455,1.4179999828338623,0.5824741125106812,1.0,4.0,1.0,1.0,1.1672353764941201,2.0597832202911377,1.4620000123977661,0.6344730257987976,1.0,7.0,1.0,1.0,1.2417172636717297,2.063805103302002,500,15,1e-09,0.001,64,9,0.005,10.0,False,True,mlp-diff-task-sizes-regression.csv,mse,38,0.193135516041783,0.24638217221945524,0.2939370274543762,0.37135711312294006,0.27182722091674805,4.940695285797119,0.2536424398422241,0.26982324844631034,0.2940655085258186
mlp,1,8,4253,32,-100,100,longest_seq_length,True,10000,1000,1000,1.9744000434875488,0.8542508482933044,1.0,7.0,2.0,2.0,1.7399923266063564,2.649203062057495,1.9279999732971191,0.8454679846763611,1.0,6.0,2.0,2.0,1.7320136595093967,2.618053913116455,1.972000002861023,0.8504210114479065,1.0,5.0,2.0,2.0,1.7463447124691536,2.6180479526519775,500,15,1e-09,0.001,64,9,0.005,10.0,False,True,mlp-diff-task-sizes-regression.csv,mse,24,0.27254057006471477,0.4465136844664812,0.4164901375770569,0.4828159809112549,0.36400318145751953,3.038405418395996,0.25721442699432373,0.42411374403615076,0.41413031332194805
mlp,1,8,5853,64,-100,100,longest_seq_length,True,10000,1000,1000,2.9296000003814697,1.385223388671875,1.0,11.0,3.0,3.0,2.4359469094903208,3.2619073390960693,2.8570001125335693,1.4044753313064575,1.0,9.0,3.0,3.0,2.4585546237497504,3.2282028198242188,2.937000036239624,1.3953605890274048,1.0,8.0,3.0,3.0,2.4596342710002075,3.222740888595581,500,15,1e-09,0.001,64,9,0.005,10.0,False,True,mlp-diff-task-sizes-regression.csv,mse,17,0.4191254375466875,0.8966564424335957,0.877763569355011,0.6941282153129578,0.5264732241630554,4.609253883361816,0.25731319189071655,0.549178421676195,0.8726147264242172
mlp,1,8,9053,128,-100,100,longest_seq_length,True,10000,1000,1000,4.934000015258789,2.714782476425171,1.0,20.0,5.0,3.0,3.372050198846428,3.906660556793213,4.853000164031982,2.7300899028778076,1.0,16.0,4.0,2.0,3.404388278445968,3.873002052307129,4.816999912261963,2.633535861968994,1.0,15.0,5.0,2.0,3.372896697049015,3.8627851009368896,500,15,1e-09,0.001,64,9,0.005,10.0,False,True,mlp-diff-task-sizes-regression.csv,mse,19,0.5750043378893737,2.5448812544345856,2.573423147201538,1.1510859727859497,0.8028673529624939,9.033853530883789,0.2522560954093933,0.6289497522236713,2.556598111987114
mlp,1,8,15453,256,-100,100,longest_seq_length,True,10000,1000,1000,10.493000030517578,7.287753582000732,1.0,58.0,9.0,3.0,4.687662498247126,4.571545124053955,10.395000457763672,7.54565954208374,1.0,39.0,9.0,2.0,4.8003254173790255,4.538384914398193,10.220000267028809,7.07513952255249,1.0,42.0,9.0,6.0,4.788611977115845,4.524194240570068,500,15,1e-09,0.001,64,9,0.005,10.0,False,True,mlp-diff-task-sizes-regression.csv,mse,18,1.3643516818429255,14.697877913713455,13.41765022277832,2.4193766117095947,1.4800682067871094,23.29918098449707,0.2591116428375244,0.7319557597828259,13.342435896396637
mlp,1,8,28253,512,-100,100,longest_seq_length,True,10000,1000,1000,34.846500396728516,33.338768005371094,1.0,265.0,23.0,3.0,6.641225265239276,5.248648166656494,34.19499969482422,33.466773986816406,1.0,216.0,23.0,3.0,7.1342549443501575,5.216047763824463,34.867000579833984,34.087581634521484,1.0,240.0,23.0,2.0,7.229940123859755,5.19927453994751,500,15,1e-09,0.001,64,9,0.005,10.0,False,True,mlp-diff-task-sizes-regression.csv,mse,31,13.30734845483379,278.36266326904297,303.6136779785156,9.978507995605469,4.977243423461914,178.37966918945312,0.3133273720741272,0.7387063033380666,303.0699644088745
mlp,1,8,53853,1024,-100,100,longest_seq_length,True,10000,1000,1000,211.9925994873047,251.1483917236328,1.0,1024.0,101.0,5.0,9.738914235940769,5.932857990264893,206.8679962158203,252.70068359375,1.0,1015.0,90.5,4.0,11.366536871651864,5.900405406951904,209.26100158691406,249.65069580078125,1.0,1024.0,103.0,2.0,11.497143443870357,5.8831610679626465,500,15,1e-09,0.001,64,9,0.005,10.0,False,True,mlp-diff-task-sizes-regression.csv,mse,67,545.4287624480618,14548.147216796875,14209.2958984375,66.00161743164062,21.373321533203125,575.4561157226562,0.8651167750358582,0.772014616749381,14180.277435302734
mlp,1,8,3053,8,-100,100,largest_contiguous_sum,True,10000,1000,1000,106.52839660644531,94.77655029296875,-100.0,580.0,97.0,98.0,8.95812421494986,1.5935304164886475,102.54299926757812,98.34735107421875,-98.0,437.0,93.0,33.0,10.863621296425503,1.5713962316513062,105.51200103759766,100.7816390991211,-100.0,488.0,92.0,69.0,10.858113864917204,1.5809353590011597,500,15,1e-09,0.001,64,9,0.005,10.0,False,True,mlp-diff-task-sizes-regression.csv,mse,82,11.68713854148889,7.785856142640114,10.494976997375488,1.1086149215698242,0.5590000152587891,54.668270111083984,5743924740096.0,0.9989667184748389,10.269325204193592
mlp,1,8,3453,16,-100,100,largest_contiguous_sum,True,10000,1000,1000,209.327392578125,153.24949645996094,-100.0,819.0,191.0,156.0,9.8340131138317,2.086803913116455,202.9409942626953,150.5286407470703,-100.0,697.0,189.0,33.0,12.09913185392815,2.0597832202911377,207.7729949951172,156.00286865234375,-98.0,724.0,185.0,76.0,12.232210145040867,2.063805103302002,500,15,1e-09,0.001,64,9,0.005,10.0,False,True,mlp-diff-task-sizes-regression.csv,mse,116,7.223204498837708,9.286781251430511,4.545661449432373,1.1425188779830933,0.7942352294921875,36.298255920410156,58017747828736.0,0.9998132193231227,4.583890341222286
mlp,1,8,4253,32,-100,100,largest_contiguous_sum,True,10000,1000,1000,410.1853942871094,268.93426513671875,-100.0,1450.0,391.0,97.0,11.022380102027679,2.649203062057495,406.0820007324219,273.1595764160156,-99.0,1249.0,385.0,392.0,13.996274598263215,2.618053913116455,398.22601318359375,267.8840637207031,-94.0,1170.0,372.5,94.0,13.842227037227623,2.6180479526519775,500,15,1e-09,0.001,64,9,0.005,10.0,False,True,mlp-diff-task-sizes-regression.csv,mse,239,194.94731951671042,368.6652355194092,445.69207763671875,13.809294700622559,7.048065185546875,93.90032958984375,0.1028004065155983,0.993789291250515,442.2218475341797
mlp,1,8,5853,64,-100,100,largest_contiguous_sum,True,10000,1000,1000,806.3980712890625,495.7025451660156,-100.0,2595.0,784.0,202.0,12.608618163964742,3.2619073390960693,789.2869873046875,505.3406677246094,-94.0,2111.0,772.5,331.0,15.504471836460707,3.2282028198242188,798.072021484375,504.1612854003906,-90.0,2214.0,781.0,195.0,15.431210621879185,3.222740888595581,500,15,1e-09,0.001,64,9,0.005,10.0,False,True,mlp-diff-task-sizes-regression.csv,mse,60,1493.607403603329,5102.018463134766,4753.02001953125,48.48288345336914,33.13848876953125,336.921142578125,0.11062506586313248,0.9813004715434329,4718.0457763671875
mlp,1,8,9053,128,-100,100,largest_contiguous_sum,True,10000,1000,1000,1600.8380126953125,965.1260375976562,-99.0,4331.0,1579.0,548.0,14.960516455730076,3.906660556793213,1572.261962890625,978.936767578125,-64.0,4120.0,1572.0,117.0,16.467674506367825,3.873002052307129,1591.27001953125,988.899169921875,-86.0,4169.0,1539.5,96.0,16.594977589841783,3.8627851009368896,500,15,1e-09,0.001,64,9,0.005,10.0,False,True,mlp-diff-task-sizes-regression.csv,mse,90,2349.176341451657,27707.773315429688,32906.375,119.08812713623047,69.190185546875,1084.551513671875,0.13563182950019836,0.9663507006186588,32733.961791992188
mlp,1,8,15453,256,-100,100,largest_contiguous_sum,True,10000,1000,1000,3198.0712890625,1891.75927734375,-87.0,7995.0,3142.5,2234.0,17.789851332512548,4.571545124053955,3127.9599609375,1907.17626953125,-86.0,7253.0,3032.0,941.0,17.222533556406667,4.538384914398193,3156.73193359375,1922.9608154296875,-72.0,7599.0,3146.0,1475.0,17.040282136030633,4.524194240570068,500,15,1e-09,0.001,64,9,0.005,10.0,False,True,mlp-diff-task-sizes-regression.csv,mse,67,6535.181971847632,189426.5224609375,189715.4375,287.4807434082031,177.2476806640625,2222.39892578125,0.12931430339813232,0.9486947537363082,189997.27001953125
mlp,1,8,28253,512,-100,100,largest_contiguous_sum,True,10000,1000,1000,6383.9150390625,3739.21044921875,-92.0,15341.0,6350.0,3012.0,20.381449044302837,5.248648166656494,6240.13916015625,3791.849365234375,-3.0,13845.0,6077.0,6486.0,17.405275201778377,5.216047763824463,6306.6728515625,3811.550048828125,-22.0,14526.0,6253.0,349.0,17.53392326322028,5.19927453994751,500,15,1e-09,0.001,64,9,0.005,10.0,False,True,mlp-diff-task-sizes-regression.csv,mse,23,49032.11078075239,1428779.9921875,1332910.375,754.6513061523438,423.93212890625,4938.958984375,0.30792155861854553,0.9082517711481568,1324744.39453125
mlp,1,8,53853,1024,-100,100,largest_contiguous_sum,True,10000,1000,1000,12759.4580078125,7453.21630859375,-78.0,27830.0,12706.5,2069.0,22.17317624856065,5.932857990264893,12541.337890625,7602.900390625,9.0,27793.0,12115.5,1353.0,17.717155133587664,5.900405406951904,12593.5478515625,7547.2060546875,53.0,26962.0,12816.5,344.0,17.70643446180084,5.8831610679626465,500,15,1e-09,0.001,64,9,0.005,10.0,False,True,mlp-diff-task-sizes-regression.csv,mse,33,372726.24213773885,10933492.09375,11078857.0,2170.24658203125,1042.59619140625,14830.33984375,0.17545892298221588,0.8054986651496744,10923160.15625
mlp,1,8,3053,8,-100,100,max,True,10000,1000,1000,54.661399841308594,43.348487854003906,-100.0,100.0,68.0,99.0,7.0628785754901084,1.5935304164886475,51.5369987487793,46.364261627197266,-98.0,100.0,68.0,99.0,8.025347929168042,1.5713962316513062,52.27399826049805,45.34043502807617,-100.0,100.0,66.5,95.0,7.923511920246739,1.5809353590011597,500,15,1e-09,0.001,64,9,0.005,10.0,False,True,mlp-diff-task-sizes-regression.csv,mse,141,17.960287813927717,16.328818261623383,17.021738052368164,2.2933545112609863,1.3222694396972656,59.328670501708984,34028375769088.0,0.9917199578653059,16.748340368270874
mlp,1,8,3453,16,-100,100,max,True,10000,1000,1000,69.69439697265625,35.70718765258789,-100.0,100.0,82.0,99.0,6.490437317898961,2.086803913116455,67.85099792480469,38.106807708740234,-100.0,100.0,81.0,100.0,7.211467560388762,2.0597832202911377,69.59500122070312,36.1907844543457,-98.0,100.0,83.0,100.0,7.112958647154782,2.063805103302002,500,15,1e-09,0.001,64,9,0.005,10.0,False,True,mlp-diff-task-sizes-regression.csv,mse,185,26.83468030820227,59.54020440578461,62.653228759765625,5.269774436950684,3.4627151489257812,63.56748962402344,186479645032448.0,0.9521648126674852,62.97356152534485
mlp,1,8,4253,32,-100,100,max,True,10000,1000,1000,80.74919891357422,29.105627059936523,-100.0,100.0,91.0,100.0,5.760121862892244,2.649203062057495,80.3280029296875,27.696107864379883,-99.0,100.0,91.0,100.0,6.238321225448462,2.618053913116455,78.94300079345703,31.726041793823242,-94.0,100.0,90.0,100.0,6.345574127327615,2.6180479526519775,500,15,1e-09,0.001,64,9,0.005,10.0,False,True,mlp-diff-task-sizes-regression.csv,mse,120,48.993865189278964,99.33942365646362,114.43960571289062,7.572697639465332,5.279376983642578,80.80526733398438,0.13053348660469055,0.8863041630868753,115.4597053527832
mlp,1,8,5853,64,-100,100,max,True,10000,1000,1000,88.37310028076172,22.601139068603516,-100.0,100.0,96.0,100.0,4.911969055226156,3.2619073390960693,88.0469970703125,22.86890411376953,-94.0,100.0,96.0,100.0,5.264711821199507,3.2282028198242188,87.66600036621094,23.426834106445312,-90.0,100.0,95.0,100.0,5.322064146177099,3.222740888595581,500,15,1e-09,0.001,64,9,0.005,10.0,False,True,mlp-diff-task-sizes-regression.csv,mse,43,70.49351328953057,142.82122421264648,132.4622802734375,8.99719524383545,7.5821533203125,50.35453414916992,0.13609400391578674,0.7586400830108185,133.73382997512817
mlp,1,8,9053,128,-100,100,max,True,10000,1000,1000,93.13349914550781,17.282691955566406,-99.0,100.0,98.0,100.0,4.016436546271411,3.906660556793213,93.30000305175781,14.361058235168457,-64.0,100.0,98.0,100.0,4.240480425685378,3.873002052307129,93.17900085449219,15.935023307800293,-86.0,100.0,98.0,100.0,4.297278704430002,3.8627851009368896,500,15,1e-09,0.001,64,9,0.005,10.0,False,True,mlp-diff-task-sizes-regression.csv,mse,35,57.93693718636871,144.2815146446228,163.91525268554688,10.05823040008545,8.72475814819336,61.564666748046875,0.12756483256816864,0.3544736492221652,164.32223558425903
mlp,1,8,15453,256,-100,100,max,True,10000,1000,1000,96.44419860839844,11.63577651977539,-87.0,100.0,99.0,100.0,3.028512151989757,4.571545124053955,95.9729995727539,12.757596969604492,-86.0,100.0,99.0,100.0,3.2548575965020987,4.538384914398193,95.9209976196289,12.021512985229492,-72.0,100.0,99.0,100.0,3.348239444064073,4.524194240570068,500,15,1e-09,0.001,64,9,0.005,10.0,False,True,mlp-diff-task-sizes-regression.csv,mse,31,64.28771509790117,167.39053583145142,183.37045288085938,9.891935348510742,7.642982482910156,132.80599975585938,0.10741864144802094,-0.2688525530240615,182.65504026412964
mlp,1,8,28253,512,-100,100,max,True,10000,1000,1000,98.08580017089844,8.493494033813477,-92.0,100.0,100.0,100.0,2.1244173315709136,5.248648166656494,98.20500183105469,6.153451442718506,-3.0,100.0,100.0,100.0,2.2979657122856434,5.216047763824463,97.71900177001953,8.79886531829834,-22.0,100.0,100.0,100.0,2.3995012478498907,5.19927453994751,500,15,1e-09,0.001,64,9,0.005,10.0,False,True,mlp-diff-task-sizes-regression.csv,mse,42,32.96819487043247,139.26127815246582,159.4192352294922,9.943603515625,8.126235961914062,46.13568115234375,0.11411826312541962,-1.0591469125579058,158.72081995010376
mlp,1,8,53853,1024,-100,100,max,True,10000,1000,1000,99.08039855957031,5.100072383880615,-78.0,100.0,100.0,100.0,1.3431979151910793,5.932857990264893,99.18299865722656,4.56941032409668,9.0,100.0,100.0,100.0,1.4112625862750086,5.900405406951904,99.02300262451172,4.137930870056152,35.0,100.0,100.0,100.0,1.4848724979086236,5.8831610679626465,500,15,1e-09,0.001,64,9,0.005,10.0,False,True,mlp-diff-task-sizes-regression.csv,mse,64,33.86570063062534,155.3594570159912,151.69589233398438,9.70319652557373,8.089447021484375,64.08287048339844,0.09809254109859467,-7.859462508968308,151.5040192604065
mlp,1,8,3053,8,-100,100,cardinality,True,10000,1000,1000,4.469600200653076,2.298102617263794,1.0,8.0,4.0,2.0,3.0008532391194036,1.5935304164886475,4.382999897003174,2.338869571685791,1.0,8.0,4.0,1.0,3.0068783156685734,1.5713962316513062,4.421000003814697,2.3177056312561035,1.0,8.0,4.0,7.0,3.0081528195630796,1.5809353590011597,500,15,1e-09,0.001,64,9,0.005,10.0,False,True,mlp-diff-task-sizes-regression.csv,mse,136,0.11444983811704976,0.11663250159472227,0.14692574739456177,0.247897669672966,0.141021728515625,1.6819534301757812,0.052087537944316864,0.9726484837589112,0.1482352465391159
mlp,1,8,3453,16,-100,100,cardinality,True,10000,1000,1000,8.441100120544434,4.614968299865723,1.0,16.0,8.0,6.0,4.002828430443463,2.086803913116455,8.277000427246094,4.680200099945068,1.0,16.0,8.0,15.0,4.027603870085169,2.0597832202911377,8.32800006866455,4.660731315612793,1.0,16.0,8.0,1.0,4.021229360041877,2.063805103302002,500,15,1e-09,0.001,64,9,0.005,10.0,False,True,mlp-diff-task-sizes-regression.csv,mse,146,0.4617271773564588,0.954100489616394,1.0998544692993164,0.7244765758514404,0.43384552001953125,5.166103363037109,0.09314055740833282,0.9493677646578285,1.1079759150743484
mlp,1,8,4253,32,-100,100,cardinality,True,10000,1000,1000,16.377599716186523,9.241147994995117,1.0,32.0,16.0,11.0,5.008900015377463,2.649203062057495,16.06399917602539,9.385409355163574,1.0,32.0,16.0,12.0,5.084544912109969,2.618053913116455,16.17300033569336,9.356552124023438,1.0,32.0,16.0,1.0,5.086643775959765,2.6180479526519775,500,15,1e-09,0.001,64,9,0.005,10.0,False,True,mlp-diff-task-sizes-regression.csv,mse,31,2.7375674741283342,5.116075217723846,5.421881675720215,1.7354135513305664,1.2804861068725586,11.966289520263672,0.16807526350021362,0.9380675391344724,5.400535479187965
mlp,1,8,5853,64,-100,100,cardinality,True,10000,1000,1000,32.257198333740234,18.486434936523438,1.0,64.0,32.0,22.0,6.024962821606916,3.2619073390960693,31.636999130249023,18.768356323242188,1.0,64.0,31.0,24.0,6.235913393926879,3.2282028198242188,31.8439998626709,18.72051429748535,1.0,64.0,32.0,51.0,6.235371090179096,3.222740888595581,500,15,1e-09,0.001,64,9,0.005,10.0,False,True,mlp-diff-task-sizes-regression.csv,mse,43,4.679061291324105,13.651850819587708,13.84875202178955,2.7032454013824463,1.8528099060058594,17.52313232421875,0.11833518743515015,0.9604838075054762,13.956189393997192
mlp,1,8,9053,128,-100,100,cardinality,True,10000,1000,1000,64.01499938964844,36.96930694580078,1.0,128.0,64.0,44.0,7.062137316355295,3.906660556793213,62.777000427246094,37.53181457519531,1.0,128.0,61.0,8.0,7.618607191829906,3.873002052307129,63.20800018310547,37.45451354980469,1.0,128.0,63.0,2.0,7.60721122412506,3.8627851009368896,500,15,1e-09,0.001,64,9,0.005,10.0,False,True,mlp-diff-task-sizes-regression.csv,mse,34,8.542986769585093,59.54822778701782,58.83656311035156,5.421611785888672,3.5167388916015625,36.95557403564453,0.12031423300504684,0.9580589844848787,58.492926836013794
mlp,1,8,15453,256,-100,100,cardinality,True,10000,1000,1000,127.5261001586914,73.93782043457031,1.0,256.0,127.0,57.0,8.148916636746648,4.571545124053955,125.0780029296875,75.08039855957031,1.0,256.0,121.0,94.0,9.45954369726901,4.538384914398193,125.91699981689453,74.90738677978516,1.0,256.0,126.0,201.0,9.412542336318499,4.524194240570068,500,15,1e-09,0.001,64,9,0.005,10.0,False,True,mlp-diff-task-sizes-regression.csv,mse,57,15.913527464411061,276.8192195892334,296.984130859375,11.580486297607422,6.755775451660156,69.57313537597656,0.10559973120689392,0.9470721830662634,297.4735155105591
mlp,1,8,28253,512,-100,100,cardinality,True,10000,1000,1000,254.55819702148438,147.88259887695312,1.0,512.0,253.0,114.0,9.347808964483418,5.248648166656494,249.64700317382812,150.1714324951172,2.0,511.0,241.0,39.0,11.731784027382329,5.216047763824463,251.35400390625,149.81170654296875,2.0,512.0,251.5,5.0,11.679173835223985,5.19927453994751,500,15,1e-09,0.001,64,9,0.005,10.0,False,True,mlp-diff-task-sizes-regression.csv,mse,26,146.87349540564665,1738.3023147583008,1636.90087890625,27.637039184570312,17.691940307617188,220.0484619140625,0.1352422535419464,0.9270658581558788,1657.522216796875
mlp,1,8,53853,1024,-100,100,cardinality,True,10000,1000,1000,508.6065979003906,295.7623596191406,1.0,1024.0,506.0,228.0,10.79744102878053,5.932857990264893,498.77398681640625,300.3266906738281,3.0,1022.0,481.5,92.0,13.969643306579474,5.900405406951904,502.2250061035156,299.61773681640625,4.0,1024.0,502.0,9.0,13.860527351826454,5.8831610679626465,500,15,1e-09,0.001,64,9,0.005,10.0,False,True,mlp-diff-task-sizes-regression.csv,mse,25,1132.2208556157009,12954.591735839844,14058.4111328125,78.01808166503906,41.29676055908203,487.07208251953125,0.17569933831691742,0.8433966186859321,14129.628112792969
mlp,1,8,3053,8,-100,100,longest_seq_length,True,10000,1000,1000,1.136199951171875,0.35418859124183655,1.0,4.0,1.0,1.0,0.5908281145309909,1.6007636785507202,1.1540000438690186,0.3902358114719391,1.0,3.0,1.0,1.0,0.653242091011151,1.6070263385772705,1.1419999599456787,0.3685593903064728,1.0,3.0,1.0,1.0,0.6166120176131298,1.6034399271011353,500,15,1e-09,0.001,64,99,0.005,10.0,False,True,mlp-diff-task-sizes-regression.csv,mse,69,0.10816334883213803,0.13785421708598733,0.1213768795132637,0.2111118882894516,0.10195446014404297,1.9276539087295532,0.15464340150356293,0.10644543487284464,0.12185015832073987
mlp,1,8,3453,16,-100,100,longest_seq_length,True,10000,1000,1000,1.4416999816894531,0.5851504802703857,1.0,5.0,1.0,1.0,1.1789538822762033,2.096096992492676,1.4579999446868896,0.581580638885498,1.0,4.0,1.0,1.0,1.1908787144515003,2.1014459133148193,1.4490000009536743,0.5808605551719666,1.0,4.0,1.0,1.0,1.1888048562606393,2.0974459648132324,500,15,1e-09,0.001,64,99,0.005,10.0,False,True,mlp-diff-task-sizes-regression.csv,mse,36,0.20722020441179823,0.2605430604889989,0.24268440902233124,0.36127832531929016,0.28200864791870117,2.1900999546051025,0.24821783602237701,0.28071984752258583,0.24147934559732676
mlp,1,8,4253,32,-100,100,longest_seq_length,True,10000,1000,1000,1.9701999425888062,0.8387561440467834,1.0,7.0,2.0,2.0,1.7164092778899636,2.6601147651672363,1.9550000429153442,0.8227849006652832,1.0,5.0,2.0,2.0,1.7003999848020463,2.666325569152832,1.944000005722046,0.8005398511886597,1.0,6.0,2.0,2.0,1.6810413574038146,2.664741277694702,500,15,1e-09,0.001,64,99,0.005,10.0,False,True,mlp-diff-task-sizes-regression.csv,mse,21,0.30582638977059895,0.4300422100350261,0.4231386184692383,0.5033807158470154,0.4032691717147827,3.5558481216430664,0.28157174587249756,0.33973732010323654,0.42399705946445465
mlp,1,8,5853,64,-100,100,longest_seq_length,True,10000,1000,1000,2.9231998920440674,1.3662729263305664,1.0,11.0,3.0,3.0,2.4202623714837337,3.274092674255371,2.941999912261963,1.3793606758117676,1.0,8.0,3.0,2.0,2.4444028002918703,3.2827086448669434,2.9749999046325684,1.395125389099121,1.0,8.0,3.0,3.0,2.469245023005668,3.2797882556915283,500,15,1e-09,0.001,64,99,0.005,10.0,False,True,mlp-diff-task-sizes-regression.csv,mse,21,0.37354409514339104,0.8940746821463108,0.9638491272926331,0.71385657787323,0.52683424949646,4.521931171417236,0.25445544719696045,0.5047978385937621,0.97353420779109
mlp,1,8,9053,128,-100,100,longest_seq_length,True,10000,1000,1000,4.939700126647949,2.6698060035705566,1.0,19.0,5.0,3.0,3.3570726213120836,3.919740676879883,5.013000011444092,2.716400384902954,1.0,14.0,5.0,3.0,3.413118912630169,3.9290590286254883,4.940000057220459,2.65073561668396,1.0,18.0,5.0,3.0,3.3848526405871215,3.9267334938049316,500,15,1e-09,0.001,64,99,0.005,10.0,False,True,mlp-diff-task-sizes-regression.csv,mse,18,0.5871948195490867,2.518846869468689,2.432450294494629,1.1177233457565308,0.8044447898864746,8.649805068969727,0.2502252161502838,0.6538127321136287,2.427927039563656
mlp,1,8,15453,256,-100,100,longest_seq_length,True,10000,1000,1000,10.543499946594238,7.280337333679199,1.0,64.0,9.0,4.0,4.692396430851536,4.585209369659424,10.531999588012695,7.2992448806762695,1.0,43.0,9.0,4.0,4.835576389364595,4.595020294189453,10.76200008392334,7.468557834625244,1.0,40.0,9.0,5.0,4.848670024427368,4.592075824737549,500,15,1e-09,0.001,64,99,0.005,10.0,False,True,mlp-diff-task-sizes-regression.csv,mse,18,1.54626981278134,14.743456363677979,15.855871200561523,2.5859808921813965,1.5568594932556152,25.831588745117188,0.2493467777967453,0.7157394241988075,15.698496341705322
mlp,1,8,28253,512,-100,100,longest_seq_length,True,10000,1000,1000,34.615699768066406,32.839080810546875,1.0,267.0,24.0,3.0,6.6441284644164025,5.26270055770874,36.183998107910156,33.831321716308594,1.0,201.0,25.0,3.0,7.320278719509977,5.272765636444092,34.98099899291992,32.599151611328125,1.0,190.0,24.0,2.0,7.221750594976982,5.270244598388672,500,15,1e-09,0.001,64,99,0.005,10.0,False,True,mlp-diff-task-sizes-regression.csv,mse,41,11.90119982373183,249.67090797424316,226.7137908935547,8.933135032653809,4.445651054382324,103.93574523925781,0.2858710289001465,0.7866633882510432,227.37058639526367
mlp,1,8,53853,1024,-100,100,longest_seq_length,True,10000,1000,1000,207.8018035888672,243.40245056152344,1.0,1024.0,104.0,6.0,9.73183658592427,5.946806907653809,209.52200317382812,244.4700927734375,1.0,1019.0,102.0,5.0,11.487504600857974,5.957937240600586,211.8939971923828,243.85218811035156,1.0,1024.0,115.0,3.0,11.681924976142822,5.954519748687744,500,15,1e-09,0.001,64,99,0.005,10.0,False,True,mlp-diff-task-sizes-regression.csv,mse,54,565.1498650228901,15095.928680419922,16089.20703125,71.09210968017578,27.093076705932617,694.6119384765625,0.8063177466392517,0.7294289374181642,16273.220886230469
mlp,1,8,3053,8,-100,100,largest_contiguous_sum,True,10000,1000,1000,107.55889892578125,95.84564208984375,-100.0,503.0,96.0,90.0,8.966044992605543,1.6007636785507202,106.7020034790039,96.2580337524414,-100.0,509.0,98.0,73.0,10.872638292190555,1.6070263385772705,108.36199951171875,96.89779663085938,-100.0,489.0,96.5,96.0,10.807743348659558,1.6034399271011353,500,15,1e-09,0.001,64,99,0.005,10.0,False,True,mlp-diff-task-sizes-regression.csv,mse,78,10.797083303047593,8.979678953066468,9.425846099853516,0.9560239315032959,0.36041259765625,33.340301513671875,3924080721920.0,0.9989960953981107,9.219451490789652
mlp,1,8,3453,16,-100,100,largest_contiguous_sum,True,10000,1000,1000,209.93170166015625,152.48971557617188,-100.0,808.0,192.0,96.0,9.83165408794176,2.096096992492676,217.718994140625,152.83006286621094,-99.0,732.0,203.0,86.0,12.190790578617028,2.1014459133148193,216.01499938964844,155.88717651367188,-99.0,801.0,198.0,72.0,12.289539739113629,2.0974459648132324,500,15,1e-09,0.001,64,99,0.005,10.0,False,True,mlp-diff-task-sizes-regression.csv,mse,93,11.62351149662285,9.108279671519995,15.99661636352539,1.1838222742080688,0.6023292541503906,66.94020080566406,1500750544896.0,0.9993417249733777,15.739584039896727
mlp,1,8,4253,32,-100,100,largest_contiguous_sum,True,10000,1000,1000,412.0465087890625,264.8352966308594,-100.0,1367.0,393.0,100.0,10.990441692633205,2.6601147651672363,411.1789855957031,261.5544128417969,-99.0,1118.0,408.0,426.0,13.893537158143637,2.666325569152832,409.864013671875,265.78509521484375,-98.0,1343.0,399.0,251.0,13.926685276499951,2.664741277694702,500,15,1e-09,0.001,64,99,0.005,10.0,False,True,mlp-diff-task-sizes-regression.csv,mse,392,17.1290476625892,16.226968228816986,20.42274284362793,2.180004596710205,1.17236328125,70.9728775024414,0.04494109004735947,0.9997108968019673,20.08123227953911
mlp,1,8,5853,64,-100,100,largest_contiguous_sum,True,10000,1000,1000,810.57958984375,493.5565185546875,-97.0,2493.0,789.0,75.0,12.60328951815048,3.274092674255371,823.8989868164062,497.2529602050781,-86.0,2170.0,809.5,962.0,15.367911794171373,3.2827086448669434,820.322021484375,496.57666015625,-99.0,2184.0,804.0,97.0,15.390735741640032,3.2797882556915283,500,15,1e-09,0.001,64,99,0.005,10.0,False,True,mlp-diff-task-sizes-regression.csv,mse,76,1415.5080776336088,5502.991790771484,5642.64501953125,53.42720413208008,37.18736267089844,393.3607177734375,0.10374708473682404,0.9771171495612601,5648.933990478516
mlp,1,8,9053,128,-100,100,largest_contiguous_sum,True,10000,1000,1000,1612.5968017578125,952.5775146484375,-98.0,4375.0,1588.5,184.0,14.91936708295043,3.919740676879883,1635.5980224609375,963.1251220703125,-61.0,3932.0,1602.0,2142.0,16.5218937873167,3.9290590286254883,1625.717041015625,961.3900756835938,-93.0,3919.0,1605.5,19.0,16.434041816020326,3.9267334938049316,500,15,1e-09,0.001,64,99,0.005,10.0,False,True,mlp-diff-task-sizes-regression.csv,mse,43,3052.6978005573246,34453.9033203125,34943.60546875,127.753173828125,81.7581787109375,1031.853759765625,0.1261729598045349,0.9621933312807636,34616.28405761719
mlp,1,8,15453,256,-100,100,largest_contiguous_sum,True,10000,1000,1000,3212.25390625,1859.4842529296875,-98.0,8289.0,3201.5,3722.0,17.814599318858015,4.585209369659424,3257.597900390625,1897.0950927734375,-81.0,7661.0,3233.0,714.0,17.147979078894565,4.595020294189453,3241.01904296875,1884.8878173828125,-98.0,7814.0,3229.5,834.0,17.15722907569437,4.592075824737549,500,15,1e-09,0.001,64,99,0.005,10.0,False,True,mlp-diff-task-sizes-regression.csv,mse,35,7233.870358218053,198285.91455078125,200735.140625,304.5718688964844,183.7200927734375,2836.48876953125,0.20978274941444397,0.943499493372296,200343.966796875
mlp,1,8,28253,512,-100,100,largest_contiguous_sum,True,10000,1000,1000,6413.181640625,3694.22265625,-94.0,15138.0,6371.5,6019.0,20.36582639851598,5.26270055770874,6508.72216796875,3780.966064453125,-70.0,14394.0,6439.0,256.0,17.577786400358928,5.272765636444092,6478.2861328125,3687.194091796875,-86.0,13675.0,6494.5,7840.0,17.502251472855477,5.270244598388672,500,15,1e-09,0.001,64,99,0.005,10.0,False,True,mlp-diff-task-sizes-regression.csv,mse,25,47206.443856986465,1340168.40625,1444423.625,787.1722412109375,426.4097900390625,5551.68701171875,0.18756182491779327,0.8937564464525812,1440343.8515625
mlp,1,8,53853,1024,-100,100,largest_contiguous_sum,True,10000,1000,1000,12818.103515625,7348.345703125,-95.0,28595.0,12768.0,4527.0,22.131376309917982,5.946806907653809,12940.4296875,7438.3154296875,1.0,27751.0,12974.0,1610.0,17.69571379001401,5.957937240600586,12962.84765625,7412.65185546875,7.0,26677.0,12996.0,2114.0,17.781479164308614,5.954519748687744,500,15,1e-09,0.001,64,99,0.005,10.0,False,True,mlp-diff-task-sizes-regression.csv,mse,21,427828.87942874205,11409608.4375,10836561.0,2195.58349609375,1101.41357421875,11963.9052734375,0.23127517104148865,0.8027830455073164,10783429.46875
mlp,1,8,3053,8,-100,100,max,True,10000,1000,1000,54.67559814453125,43.69783401489258,-100.0,100.0,69.0,100.0,7.060137899102594,1.6007636785507202,54.49700164794922,43.75961685180664,-100.0,100.0,69.0,97.0,7.858656044847757,1.6070263385772705,54.31700134277344,43.47353744506836,-100.0,100.0,68.0,97.0,7.853681590043779,1.6034399271011353,500,15,1e-09,0.001,64,99,0.005,10.0,False,True,mlp-diff-task-sizes-regression.csv,mse,106,17.26966371202165,19.17945408821106,17.55190658569336,2.2877235412597656,1.0857105255126953,30.720062255859375,12487305986048.0,0.9907130239405824,17.67440688610077
mlp,1,8,3453,16,-100,100,max,True,10000,1000,1000,70.17900085449219,35.484066009521484,-100.0,100.0,83.0,100.0,6.463418033497044,2.096096992492676,70.58999633789062,35.01793670654297,-99.0,100.0,83.0,97.0,7.0881446152953504,2.1014459133148193,69.66200256347656,36.42959976196289,-99.0,100.0,83.0,99.0,7.078242860287811,2.0974459648132324,500,15,1e-09,0.001,64,99,0.005,10.0,False,True,mlp-diff-task-sizes-regression.csv,mse,107,38.08034143022671,66.26677441596985,71.82788848876953,5.746896266937256,4.125848770141602,66.03433990478516,2943849594880.0,0.9458766930013363,71.47811245918274
mlp,1,8,4253,32,-100,100,max,True,10000,1000,1000,81.36689758300781,27.89532470703125,-100.0,100.0,91.0,100.0,5.729799685016512,2.6601147651672363,81.09600067138672,28.231840133666992,-99.0,100.0,91.0,100.0,6.206178532353881,2.666325569152832,80.8239974975586,29.173566818237305,-98.0,100.0,91.0,100.0,6.198383830871219,2.664741277694702,500,15,1e-09,0.001,64,99,0.005,10.0,False,True,mlp-diff-task-sizes-regression.csv,mse,72,65.75658777564954,132.6823468208313,136.7451934814453,8.720060348510742,6.654537200927734,69.34777069091797,0.15537872910499573,0.8393306750926537,136.08927631378174
mlp,1,8,5853,64,-100,100,max,True,10000,1000,1000,88.7030029296875,21.409549713134766,-97.0,100.0,96.0,100.0,4.894432314879085,3.274092674255371,89.72100067138672,18.059545516967773,-86.0,100.0,96.0,100.0,5.06250969911709,3.2827086448669434,88.7969970703125,22.80214500427246,-99.0,100.0,96.0,100.0,5.125681536540944,3.2797882556915283,500,15,1e-09,0.001,64,99,0.005,10.0,False,True,mlp-diff-task-sizes-regression.csv,mse,41,79.84677162899334,155.50328540802002,156.47872924804688,9.864526748657227,8.479095458984375,65.19163513183594,0.12030951678752899,0.6990433504755105,156.36135482788086
mlp,1,8,9053,128,-100,100,max,True,10000,1000,1000,93.37439727783203,16.842374801635742,-98.0,100.0,98.0,100.0,3.978527002016257,3.919740676879883,94.02999877929688,14.251073837280273,-61.0,100.0,98.0,100.0,4.0540330531295945,3.9290590286254883,93.7020034790039,15.503973007202148,-93.0,100.0,98.0,100.0,4.131537443363603,3.9267334938049316,500,15,1e-09,0.001,64,99,0.005,10.0,False,True,mlp-diff-task-sizes-regression.csv,mse,27,85.54734100050227,172.5671854019165,189.5821533203125,10.140127182006836,7.810417175292969,113.47095489501953,0.1264801323413849,0.21130071515863047,189.3681001663208
mlp,1,8,15453,256,-100,100,max,True,10000,1000,1000,96.53739929199219,11.063498497009277,-98.0,100.0,99.0,100.0,3.010329999591466,4.585209369659424,96.87899780273438,10.225476264953613,-81.0,100.0,99.0,100.0,3.0034639262991094,4.595020294189453,96.10099792480469,12.895611763000488,-98.0,100.0,99.0,100.0,3.2743458079322725,4.592075824737549,500,15,1e-09,0.001,64,99,0.005,10.0,False,True,mlp-diff-task-sizes-regression.csv,mse,44,41.618844196295285,151.87884044647217,165.8900146484375,10.01677131652832,8.497200012207031,82.12589263916016,0.11417776346206665,0.002446114798864918,164.48206186294556
mlp,1,8,28253,512,-100,100,max,True,10000,1000,1000,98.17350006103516,8.370901107788086,-94.0,100.0,100.0,100.0,2.094718881754021,5.26270055770874,97.88200378417969,10.176447868347168,-70.0,100.0,100.0,100.0,2.1897693737177018,5.272765636444092,98.16699981689453,9.919027328491211,-86.0,100.0,100.0,100.0,2.094885363413076,5.270244598388672,500,15,1e-09,0.001,64,99,0.005,10.0,False,True,mlp-diff-task-sizes-regression.csv,mse,57,27.440470977953286,145.45769596099854,141.81350708007812,9.346238136291504,7.653827667236328,40.05908966064453,0.09587686508893967,-0.44138289988209833,143.66598176956177
mlp,1,8,53853,1024,-100,100,max,True,10000,1000,1000,99.0541000366211,5.912476062774658,-95.0,100.0,100.0,100.0,1.3392734024534831,5.946806907653809,99.27799987792969,4.128525257110596,1.0,100.0,100.0,100.0,1.3084419746138538,5.957937240600586,99.1449966430664,5.216701030731201,7.0,100.0,100.0,100.0,1.306535396260285,5.954519748687744,500,15,1e-09,0.001,64,99,0.005,10.0,False,True,mlp-diff-task-sizes-regression.csv,mse,69,37.52694230170766,147.4747052192688,152.7340087890625,9.832659721374512,8.386768341064453,58.55442810058594,0.10360923409461975,-4.612337902916958,151.8966522216797
mlp,1,8,3053,8,-100,100,cardinality,True,10000,1000,1000,4.485899925231934,2.2559256553649902,1.0,8.0,4.0,4.0,3.0002638612420864,1.6007636785507202,4.535999774932861,2.3001530170440674,1.0,8.0,5.0,5.0,3.007301693166192,1.6070263385772705,4.514999866485596,2.2811784744262695,1.0,8.0,5.0,5.0,3.0076151039073675,1.6034399271011353,500,15,1e-09,0.001,64,99,0.005,10.0,False,True,mlp-diff-task-sizes-regression.csv,mse,308,0.03951193864463241,0.0369514599442482,0.03356466442346573,0.10492052882909775,0.06086409091949463,1.1839027404785156,0.02843351848423481,0.9935499391509957,0.03318009979557246
mlp,1,8,3453,16,-100,100,cardinality,True,10000,1000,1000,8.470800399780273,4.535961627960205,1.0,16.0,8.0,9.0,4.002872142600079,2.096096992492676,8.5649995803833,4.619499206542969,1.0,16.0,9.0,8.0,4.02931460545053,2.1014459133148193,8.524999618530273,4.583162307739258,1.0,16.0,9.0,10.0,4.0327989830891395,2.0974459648132324,500,15,1e-09,0.001,64,99,0.005,10.0,False,True,mlp-diff-task-sizes-regression.csv,mse,123,0.5537991931863652,1.319715216755867,1.3050751686096191,0.8189317584037781,0.564521312713623,5.857343673706055,0.1144220381975174,0.9378694688941344,1.316984884440899
mlp,1,8,4253,32,-100,100,cardinality,True,10000,1000,1000,16.43320083618164,9.089859008789062,1.0,32.0,16.0,21.0,5.0093821489523425,2.6601147651672363,16.6200008392334,9.250816345214844,1.0,32.0,17.0,16.0,5.097258967558394,2.666325569152832,16.56800079345703,9.153326034545898,1.0,32.0,17.0,20.0,5.092241177131223,2.664741277694702,500,15,1e-09,0.001,64,99,0.005,10.0,False,True,mlp-diff-task-sizes-regression.csv,mse,43,2.41173025832814,4.369218349456787,5.2365570068359375,1.6997442245483398,1.2066888809204102,9.73065185546875,0.13017337024211884,0.9374988500275451,5.1814989149570465
mlp,1,8,5853,64,-100,100,cardinality,True,10000,1000,1000,32.364601135253906,18.181398391723633,1.0,64.0,32.0,17.0,6.024163579898197,3.274092674255371,32.750999450683594,18.49229621887207,1.0,64.0,33.0,3.0,6.254558853919502,3.2827086448669434,32.65399932861328,18.311697006225586,1.0,64.0,33.0,62.0,6.239624728939747,3.2797882556915283,500,15,1e-09,0.001,64,99,0.005,10.0,False,True,mlp-diff-task-sizes-regression.csv,mse,35,5.083287530643925,14.73318499326706,14.605796813964844,2.7554612159729004,1.9134812355041504,21.137222290039062,0.120292529463768,0.9564419893283149,14.601721942424774
mlp,1,8,9053,128,-100,100,cardinality,True,10000,1000,1000,64.24330139160156,36.371925354003906,1.0,128.0,64.0,34.0,7.0623773271871215,3.919740676879883,64.99700164794922,36.99214553833008,1.0,128.0,65.0,61.0,7.623565459024259,3.9290590286254883,64.83599853515625,36.62525177001953,1.0,128.0,65.0,124.0,7.616689801927058,3.9267334938049316,500,15,1e-09,0.001,64,99,0.005,10.0,False,True,mlp-diff-task-sizes-regression.csv,mse,70,6.343264150012071,54.29576396942139,62.16654586791992,5.544468879699707,3.787586212158203,43.784080505371094,0.10194090008735657,0.9536557883854849,62.05558967590332
mlp,1,8,15453,256,-100,100,cardinality,True,10000,1000,1000,127.99469757080078,72.75118255615234,1.0,256.0,128.0,68.0,8.150658986640778,4.585209369659424,129.48399353027344,74.0020751953125,1.0,256.0,130.0,37.0,9.479176757755472,4.595020294189453,129.177001953125,73.27314758300781,1.0,256.0,130.0,212.0,9.439500086389398,4.592075824737549,500,15,1e-09,0.001,64,99,0.005,10.0,False,True,mlp-diff-task-sizes-regression.csv,mse,45,20.13408885032508,278.98632049560547,269.2768249511719,11.57582950592041,7.875286102294922,63.21272277832031,0.1034475564956665,0.9498455729011174,271.10204792022705
mlp,1,8,28253,512,-100,100,cardinality,True,10000,1000,1000,255.4958953857422,145.49545288085938,1.0,512.0,255.0,44.0,9.35302944602692,5.26270055770874,258.47900390625,148.01759338378906,1.0,512.0,260.0,190.0,11.813664061645076,5.272765636444092,257.84698486328125,146.51304626464844,1.0,512.0,259.0,319.0,11.8402190154146,5.270244598388672,500,15,1e-09,0.001,64,99,0.005,10.0,False,True,mlp-diff-task-sizes-regression.csv,mse,21,160.87257671963636,1714.7877502441406,1786.1717529296875,29.359251022338867,17.811203002929688,176.9892578125,0.13931061327457428,0.9167909320756537,1793.7881774902344
mlp,1,8,53853,1024,-100,100,cardinality,True,10000,1000,1000,510.4884033203125,290.9935302734375,1.0,1024.0,510.0,234.0,10.80415706185179,5.946806907653809,516.447998046875,296.0224914550781,2.0,1024.0,519.0,286.0,14.11000921899364,5.957937240600586,515.1909790039062,293.0396728515625,1.0,1024.0,518.0,638.0,14.228951992543907,5.954519748687744,500,15,1e-09,0.001,64,99,0.005,10.0,False,True,mlp-diff-task-sizes-regression.csv,mse,27,1041.4060799179563,15803.649108886719,13806.646484375,78.00790405273438,42.84672546386719,582.8717651367188,0.16145874559879303,0.8392187772484414,13692.89013671875
mlp,1,8,3053,8,-100,100,longest_seq_length,True,10000,1000,1000,1.1366000175476074,0.35740798711776733,1.0,4.0,1.0,1.0,0.5941042017662271,1.5925837755203247,1.1649999618530273,0.3844151496887207,1.0,3.0,1.0,1.0,0.6725250825646594,1.5986740589141846,1.152999997138977,0.3682268261909485,1.0,3.0,1.0,1.0,0.6378865006482345,1.58424711227417,500,15,1e-09,0.001,64,999,0.005,10.0,False,True,mlp-diff-task-sizes-regression.csv,mse,59,0.11081258115020527,0.12885823752731085,0.11843568086624146,0.20735833048820496,0.09566718339920044,1.979627013206482,0.1474572867155075,0.12652254164048704,0.11819314118474722
mlp,1,8,3453,16,-100,100,longest_seq_length,True,10000,1000,1000,1.4341000318527222,0.581082820892334,1.0,4.0,1.0,1.0,1.16806410528226,2.0844385623931885,1.4240000247955322,0.5901050567626953,1.0,4.0,1.0,1.0,1.1768067626618457,2.0934879779815674,1.4249999523162842,0.5799784660339355,1.0,4.0,1.0,1.0,1.1663673577260147,2.0792086124420166,500,15,1e-09,0.001,64,999,0.005,10.0,False,True,mlp-diff-task-sizes-regression.csv,mse,28,0.20265816275481205,0.2789038550108671,0.250715434551239,0.3709741234779358,0.28574657440185547,2.5966153144836426,0.2615721523761749,0.25465500800009766,0.2497498942539096
mlp,1,8,4253,32,-100,100,longest_seq_length,True,10000,1000,1000,1.9615999460220337,0.8516603708267212,1.0,7.0,2.0,2.0,1.7283422939190403,2.64734148979187,1.9739999771118164,0.8621624112129211,1.0,6.0,2.0,2.0,1.749212182326616,2.655341386795044,1.9429999589920044,0.8377058506011963,1.0,5.0,2.0,2.0,1.7152512486604112,2.6367149353027344,500,15,1e-09,0.001,64,999,0.005,10.0,False,True,mlp-diff-task-sizes-regression.csv,mse,31,0.2575218817990297,0.4151532109826803,0.42260873317718506,0.4821440875530243,0.37530261278152466,3.4063682556152344,0.2670286297798157,0.3977796979382052,0.4225444979965687
mlp,1,8,5853,64,-100,100,longest_seq_length,True,10000,1000,1000,2.9056999683380127,1.3733198642730713,1.0,11.0,3.0,3.0,2.4252643706961106,3.2595133781433105,2.944000005722046,1.4376592636108398,1.0,9.0,3.0,2.0,2.4911007568145074,3.2679433822631836,2.890000104904175,1.389208436012268,1.0,9.0,3.0,3.0,2.4336398421778114,3.2493245601654053,500,15,1e-09,0.001,64,999,0.005,10.0,False,True,mlp-diff-task-sizes-regression.csv,mse,21,0.3739876794587275,0.8890263121575117,0.9451671242713928,0.7081580758094788,0.5308830142021179,5.642179489135742,0.26788097620010376,0.5102507394759335,0.955745093524456
mlp,1,8,9053,128,-100,100,longest_seq_length,True,10000,1000,1000,4.92549991607666,2.724031686782837,1.0,18.0,5.0,4.0,3.3749081536973384,3.9042789936065674,4.980999946594238,2.7376339435577393,1.0,16.0,5.0,3.0,3.3910202447087943,3.9142637252807617,4.945000171661377,2.780283212661743,1.0,16.0,5.0,3.0,3.443638695916099,3.893270492553711,500,15,1e-09,0.001,64,999,0.005,10.0,False,True,mlp-diff-task-sizes-regression.csv,mse,19,0.5745288837867178,2.3042958304286003,2.813763380050659,1.1636838912963867,0.7801231145858765,9.024200439453125,0.24625930190086365,0.6359932059362268,2.8084598779678345
mlp,1,8,15453,256,-100,100,longest_seq_length,True,10000,1000,1000,10.506799697875977,7.351092338562012,1.0,59.0,9.0,3.0,4.69459662585971,4.569217205047607,10.611000061035156,7.42628288269043,1.0,38.0,9.0,3.0,4.814033388804716,4.5792436599731445,10.126999855041504,6.910490036010742,1.0,43.0,9.0,5.0,4.724497791382351,4.557127475738525,500,15,1e-09,0.001,64,999,0.005,10.0,False,True,mlp-diff-task-sizes-regression.csv,mse,19,1.4970832915063117,13.974063754081726,14.230548858642578,2.5080790519714355,1.616556167602539,26.974990844726562,0.27131739258766174,0.7020084521342689,14.198687613010406
mlp,1,8,28253,512,-100,100,longest_seq_length,True,10000,1000,1000,34.543800354003906,32.7543830871582,1.0,256.0,24.0,5.0,6.629548539481549,5.2461652755737305,35.630001068115234,34.22237777709961,1.0,210.0,24.0,3.0,7.204970302143185,5.256960391998291,33.4109992980957,31.65653419494629,1.0,185.0,23.0,3.0,7.137695799991822,5.234511375427246,500,15,1e-09,0.001,64,999,0.005,10.0,False,True,mlp-diff-task-sizes-regression.csv,mse,26,13.824330755100128,264.47389793395996,199.0652618408203,8.352123260498047,4.260441303253174,101.64602661132812,0.30092737078666687,0.8013590584032273,197.94450044631958
mlp,1,8,53853,1024,-100,100,longest_seq_length,True,10000,1000,1000,208.46420288085938,245.23971557617188,1.0,1024.0,101.0,3.0,9.708718165042727,5.930337429046631,217.77200317382812,254.74391174316406,1.0,1021.0,98.0,4.0,11.517045258059973,5.941123962402344,205.80099487304688,247.05487060546875,1.0,1017.0,100.0,6.0,11.47721567552831,5.918388366699219,500,15,1e-09,0.001,64,999,0.005,10.0,False,True,mlp-diff-task-sizes-regression.csv,mse,69,509.5780489976239,14481.996490478516,16961.1484375,74.45471954345703,29.91270637512207,631.220947265625,0.6955776214599609,0.7221128280397191,16844.16177368164
mlp,1,8,3053,8,-100,100,largest_contiguous_sum,True,10000,1000,1000,107.07129669189453,96.68771362304688,-100.0,511.0,96.0,87.0,8.975242967557561,1.5925837755203247,110.37300109863281,100.21320343017578,-100.0,481.0,98.0,59.0,10.778614314615673,1.5986740589141846,104.69300079345703,93.19332885742188,-100.0,412.0,92.0,86.0,10.604498429721072,1.58424711227417,500,15,1e-09,0.001,64,999,0.005,10.0,False,True,mlp-diff-task-sizes-regression.csv,mse,147,12.588525680220052,10.40467917919159,8.954977035522461,1.045403003692627,0.5349235534667969,41.4578742980957,154221202636800.0,0.9989689142967885,8.777974858880043
mlp,1,8,3453,16,-100,100,largest_contiguous_sum,True,10000,1000,1000,208.84109497070312,152.095703125,-100.0,914.0,194.0,92.0,9.829731613661727,2.0844385623931885,207.16600036621094,151.03306579589844,-97.0,701.0,191.5,227.0,12.233766646901712,2.0934879779815674,205.3769989013672,148.3719024658203,-98.0,616.0,196.5,134.0,12.104343080868997,2.0792086124420166,500,15,1e-09,0.001,64,999,0.005,10.0,False,True,mlp-diff-task-sizes-regression.csv,mse,137,7.435568273067474,6.444528942927718,8.628751754760742,0.9457387924194336,0.4855995178222656,54.353023529052734,0.08178839087486267,0.9996080373802898,8.456290509551764
mlp,1,8,4253,32,-100,100,largest_contiguous_sum,True,10000,1000,1000,408.8004150390625,267.3628845214844,-99.0,1396.0,389.0,381.0,11.00582889793596,2.64734148979187,404.6730041503906,263.5057067871094,-93.0,1343.0,381.0,72.0,13.96036672090354,2.655341386795044,410.27801513671875,269.2070007324219,-94.0,1148.0,387.5,70.0,14.043027422277977,2.6367149353027344,500,15,1e-09,0.001,64,999,0.005,10.0,False,True,mlp-diff-task-sizes-regression.csv,mse,348,15.817669277737854,12.506875276565552,20.22727394104004,2.34466552734375,1.2252349853515625,51.144290924072266,0.05726435407996178,0.9997208969193566,20.134309768676758
mlp,1,8,5853,64,-100,100,largest_contiguous_sum,True,10000,1000,1000,809.672119140625,495.81988525390625,-98.0,2481.0,792.0,224.0,12.62349683753979,3.2595133781433105,811.0150146484375,504.22991943359375,-100.0,2215.0,796.5,138.0,15.247501089596748,3.2679433822631836,794.4340209960938,486.4417419433594,-82.0,2288.0,782.0,281.0,15.379077937932074,3.2493245601654053,500,15,1e-09,0.001,64,999,0.005,10.0,False,True,mlp-diff-task-sizes-regression.csv,mse,105,1266.00335460104,5059.1265869140625,4745.970703125,48.268516540527344,33.05397415161133,340.1884765625,0.11122331023216248,0.9799431216454506,4824.896911621094
mlp,1,8,9053,128,-100,100,largest_contiguous_sum,True,10000,1000,1000,1606.411865234375,962.3994140625,-100.0,4294.0,1584.0,2159.0,14.97042339286069,3.9042789936065674,1625.5980224609375,988.0630493164062,-62.0,3852.0,1574.0,916.0,16.61739938340678,3.9142637252807617,1600.5150146484375,960.4824829101562,-56.0,4184.0,1575.0,73.0,16.500326746723974,3.893270492553711,500,15,1e-09,0.001,64,999,0.005,10.0,False,True,mlp-diff-task-sizes-regression.csv,mse,120,2170.5032197016817,29902.189208984375,32996.37890625,123.4936752319336,79.88723754882812,1368.7174072265625,575887066005504.0,0.9642326033579267,32963.95739746094
mlp,1,8,15453,256,-100,100,largest_contiguous_sum,True,10000,1000,1000,3196.203369140625,1888.900634765625,-87.0,7851.0,3163.0,380.0,17.77625791855081,4.569217205047607,3209.549072265625,1922.969970703125,-86.0,7674.0,3149.5,1784.0,17.26541624355397,4.5792436599731445,3173.125,1869.994873046875,-69.0,7554.0,3111.0,2286.0,17.26541624355397,4.557127475738525,500,15,1e-09,0.001,64,999,0.005,10.0,False,True,mlp-diff-task-sizes-regression.csv,mse,53,7109.118187388038,200801.9306640625,205936.125,300.8074645996094,181.158447265625,2325.86279296875,0.14215366542339325,0.9411086157349358,204554.5029296875
mlp,1,8,28253,512,-100,100,largest_contiguous_sum,True,10000,1000,1000,6376.3818359375,3748.94921875,-96.0,15564.0,6344.5,4470.0,20.333570308308985,5.2461652755737305,6419.40283203125,3803.227783203125,-71.0,14059.0,6304.5,620.0,17.620669087506233,5.256960391998291,6314.4541015625,3676.881591796875,-65.0,14349.0,6269.5,9363.0,17.53392326322028,5.234511375427246,500,15,1e-09,0.001,64,999,0.005,10.0,False,True,mlp-diff-task-sizes-regression.csv,mse,26,47608.06213923169,1551834.4140625,1207435.125,728.3292236328125,427.45166015625,4898.85302734375,0.18576094508171082,0.910689094183871,1213101.98828125
mlp,1,8,53853,1024,-100,100,largest_contiguous_sum,True,10000,1000,1000,12754.166015625,7451.595703125,-43.0,28507.0,12641.5,3199.0,22.26027416693126,5.930337429046631,12913.7919921875,7623.47509765625,53.0,27192.0,12747.5,167.0,17.770758492521793,5.941123962402344,12595.21484375,7308.94091796875,38.0,26706.0,12395.5,5637.0,17.77075849252179,5.918388366699219,500,15,1e-09,0.001,64,999,0.005,10.0,False,True,mlp-diff-task-sizes-regression.csv,mse,28,377503.4011246019,10628544.1875,9936774.0,2047.8902587890625,1049.5751953125,12864.748046875,0.1756369024515152,0.8139899245771813,10016187.3125
mlp,1,8,3053,8,-100,100,max,True,10000,1000,1000,53.98659896850586,44.39678955078125,-100.0,100.0,68.0,99.0,7.078537927393022,1.5925837755203247,54.94499969482422,44.543731689453125,-100.0,100.0,71.0,96.0,7.785978977687192,1.5986740589141846,54.62099838256836,43.606163024902344,-100.0,100.0,69.0,83.0,7.825729634279695,1.58424711227417,500,15,1e-09,0.001,64,999,0.005,10.0,False,True,mlp-diff-task-sizes-regression.csv,mse,111,20.984735103169825,22.81886476278305,19.02006721496582,2.600783586502075,1.50128173828125,42.863224029541016,123268379967488.0,0.9899973212614303,19.11540150642395
mlp,1,8,3453,16,-100,100,max,True,10000,1000,1000,69.3656005859375,36.53535461425781,-100.0,100.0,82.0,99.0,6.496412714797426,2.0844385623931885,69.50399780273438,36.72563171386719,-97.0,100.0,82.0,100.0,7.134319166066063,2.0934879779815674,69.96800231933594,36.742034912109375,-98.0,100.0,83.0,98.0,6.987632776306812,2.0792086124420166,500,15,1e-09,0.001,64,999,0.005,10.0,False,True,mlp-diff-task-sizes-regression.csv,mse,122,35.06779674967383,62.81042766571045,75.45274353027344,5.443331241607666,3.4343414306640625,81.5728530883789,0.18080872297286987,0.9441081217415586,74.73261833190918
mlp,1,8,4253,32,-100,100,max,True,10000,1000,1000,80.893798828125,28.63389015197754,-99.0,100.0,91.0,99.0,5.748438191000701,2.64734148979187,81.41500091552734,26.680307388305664,-93.0,100.0,91.0,100.0,6.115178894695316,2.655341386795044,80.6729965209961,30.046897888183594,-94.0,100.0,92.0,100.0,6.209571505334109,2.6367149353027344,500,15,1e-09,0.001,64,999,0.005,10.0,False,True,mlp-diff-task-sizes-regression.csv,mse,93,57.248910017074294,116.95598888397217,131.7312774658203,8.35600471496582,6.151744842529297,75.40130615234375,0.16433486342430115,0.8540884800681952,131.04623317718506
mlp,1,8,5853,64,-100,100,max,True,10000,1000,1000,88.71060180664062,21.464157104492188,-98.0,100.0,96.0,100.0,4.899711546706434,3.2595133781433105,87.96399688720703,24.98977279663086,-100.0,100.0,95.0,100.0,5.242494422055579,3.2679433822631836,88.51000213623047,22.025392532348633,-82.0,100.0,96.0,100.0,5.213882684365831,3.2493245601654053,500,15,1e-09,0.001,64,999,0.005,10.0,False,True,mlp-diff-task-sizes-regression.csv,mse,76,57.741213731705,160.5861678123474,167.0189971923828,9.794954299926758,7.8226776123046875,95.37458038330078,0.1276906430721283,0.6557146107689893,166.97259044647217
mlp,1,8,9053,128,-100,100,max,True,10000,1000,1000,93.48470306396484,15.722638130187988,-100.0,100.0,98.0,100.0,4.013102183444381,3.9042789936065674,93.16200256347656,17.333024978637695,-62.0,100.0,98.0,100.0,4.187205857502231,3.9142637252807617,93.46399688720703,15.884038925170898,-56.0,100.0,98.0,100.0,4.137312343702424,3.893270492553711,500,15,1e-09,0.001,64,999,0.005,10.0,False,True,mlp-diff-task-sizes-regression.csv,mse,55,50.69367073447841,175.5464277267456,168.21800231933594,10.120875358581543,8.280654907226562,68.79483795166016,280144174383104.0,0.33326912362918415,167.1830506324768
mlp,1,8,15453,256,-100,100,max,True,10000,1000,1000,96.35440063476562,11.694930076599121,-87.0,100.0,99.0,100.0,3.071999124009831,4.569217205047607,96.33200073242188,13.29660701751709,-86.0,100.0,99.0,100.0,3.1588431205242338,4.5792436599731445,96.51100158691406,11.034758567810059,-69.0,100.0,99.0,100.0,3.137538318140962,4.557127475738525,500,15,1e-09,0.001,64,999,0.005,10.0,False,True,mlp-diff-task-sizes-regression.csv,mse,55,33.470392409403615,164.9857621192932,148.54774475097656,9.559598922729492,7.987712860107422,55.0169677734375,0.10293237119913101,-0.21994562118225147,148.33504962921143
mlp,1,8,28253,512,-100,100,max,True,10000,1000,1000,98.0823974609375,8.43260383605957,-96.0,100.0,100.0,100.0,2.1637020180932582,5.2461652755737305,98.16699981689453,8.796539306640625,-71.0,100.0,100.0,100.0,2.2051470363181975,5.256960391998291,98.03399658203125,8.48332691192627,-65.0,100.0,100.0,100.0,2.2373022454051448,5.234511375427246,500,15,1e-09,0.001,64,999,0.005,10.0,False,True,mlp-diff-task-sizes-regression.csv,mse,34,45.77854109114143,165.9892020225525,170.7556610107422,10.144108772277832,8.745006561279297,99.1739730834961,0.10914281010627747,-1.3726988058031475,169.47419786453247
mlp,1,8,53853,1024,-100,100,max,True,10000,1000,1000,99.0188980102539,5.737642765045166,-43.0,100.0,100.0,100.0,1.365844668812859,5.930337429046631,99.18000030517578,4.112614631652832,34.0,100.0,100.0,100.0,1.3025262075764807,5.941123962402344,98.98300170898438,4.802989482879639,33.0,100.0,100.0,100.0,1.5401925943672679,5.918388366699219,500,15,1e-09,0.001,64,999,0.005,10.0,False,True,mlp-diff-task-sizes-regression.csv,mse,55,34.53144697322967,138.71726369857788,151.20059204101562,9.714128494262695,8.036449432373047,49.326690673828125,0.09880413115024567,-5.554358257035493,151.28614854812622
mlp,1,8,3053,8,-100,100,cardinality,True,10000,1000,1000,4.4644999504089355,2.2935867309570312,1.0,8.0,4.0,2.0,3.0009331854474333,1.5925837755203247,4.505000114440918,2.325935125350952,1.0,8.0,4.0,8.0,3.010035802497331,1.5986740589141846,4.4070000648498535,2.249300003051758,1.0,8.0,4.0,4.0,3.0062935205049843,1.58424711227417,500,15,1e-09,0.001,64,999,0.005,10.0,False,True,mlp-diff-task-sizes-regression.csv,mse,168,0.09403447621757058,0.11531096347607672,0.10672900080680847,0.21397073566913605,0.11986398696899414,1.5914602279663086,0.05209903419017792,0.9789046054060897,0.10675517679192126
mlp,1,8,3453,16,-100,100,cardinality,True,10000,1000,1000,8.427200317382812,4.611388206481934,1.0,16.0,8.0,3.0,4.002863310640394,2.0844385623931885,8.517999649047852,4.697624683380127,1.0,16.0,8.0,16.0,4.029236856131634,2.0934879779815674,8.336000442504883,4.5087809562683105,1.0,16.0,8.0,8.0,4.028785947249013,2.0792086124420166,500,15,1e-09,0.001,64,999,0.005,10.0,False,True,mlp-diff-task-sizes-regression.csv,mse,125,0.5126669255031902,1.3191823810338974,1.3313778638839722,0.8000367283821106,0.5261783599853516,5.195833206176758,0.09844712167978287,0.9345087835882089,1.3343101255595684
mlp,1,8,4253,32,-100,100,cardinality,True,10000,1000,1000,16.354900360107422,9.225700378417969,1.0,32.0,16.0,4.0,5.008292711151505,2.64734148979187,16.514999389648438,9.41954231262207,1.0,32.0,16.0,13.0,5.09515998829955,2.655341386795044,16.131000518798828,9.023959159851074,1.0,32.0,16.0,3.0,5.080442383647849,2.6367149353027344,500,15,1e-09,0.001,64,999,0.005,10.0,False,True,mlp-diff-task-sizes-regression.csv,mse,38,2.512053910334399,5.4565722942352295,5.5505876541137695,1.736869215965271,1.221226453781128,13.912567138671875,0.15442676842212677,0.9318376154301864,5.580139294266701
mlp,1,8,5853,64,-100,100,cardinality,True,10000,1000,1000,32.21910095214844,18.46492576599121,1.0,64.0,32.0,8.0,6.022933590779273,3.2595133781433105,32.5260009765625,18.835905075073242,1.0,64.0,32.0,6.0,6.256049147669838,3.2679433822631836,31.780000686645508,18.07046127319336,1.0,64.0,31.0,58.0,6.241370177159773,3.2493245601654053,500,15,1e-09,0.001,64,999,0.005,10.0,False,True,mlp-diff-task-sizes-regression.csv,mse,38,5.161106616828092,15.243381083011627,14.453476905822754,2.758146286010742,1.9110946655273438,16.625789642333984,0.11661775410175323,0.9557377145312159,14.362635254859924
mlp,1,8,9053,128,-100,100,cardinality,True,10000,1000,1000,63.94020080566406,36.93433380126953,1.0,128.0,64.0,16.0,7.061209887434654,3.9042789936065674,64.53800201416016,37.67365646362305,1.0,128.0,64.0,11.0,7.632028777889847,3.9142637252807617,63.099998474121094,36.1514892578125,1.0,128.0,62.0,100.0,7.593896865390265,3.893270492553711,500,15,1e-09,0.001,64,999,0.005,10.0,False,True,mlp-diff-task-sizes-regression.csv,mse,51,7.133455744214878,64.66398453712463,60.42448425292969,5.54905366897583,3.8003969192504883,37.29046630859375,0.10642709583044052,0.9537660886796169,61.48068356513977
mlp,1,8,15453,256,-100,100,cardinality,True,10000,1000,1000,127.36949920654297,73.86703491210938,1.0,256.0,127.0,43.0,8.148611656294756,4.569217205047607,128.5959930419922,75.37297058105469,1.0,256.0,127.0,21.0,9.41103622625775,4.5792436599731445,125.6969985961914,72.32210540771484,1.0,256.0,124.0,100.0,9.382923519488113,4.557127475738525,500,15,1e-09,0.001,64,999,0.005,10.0,False,True,mlp-diff-task-sizes-regression.csv,mse,32,22.34310385224166,296.0786991119385,286.43707275390625,11.904687881469727,7.98590087890625,76.89950561523438,0.11370722949504852,0.9452370227259667,292.47371101379395
mlp,1,8,28253,512,-100,100,cardinality,True,10000,1000,1000,254.23460388183594,147.74658203125,1.0,512.0,253.0,63.0,9.347179370662602,5.2461652755737305,256.697998046875,150.7436065673828,1.0,512.0,253.0,42.0,11.842478741679681,5.256960391998291,250.9010009765625,144.64195251464844,2.0,512.0,247.0,398.0,11.629865136458776,5.234511375427246,500,15,1e-09,0.001,64,999,0.005,10.0,False,True,mlp-diff-task-sizes-regression.csv,mse,23,152.57574764178815,2055.684989929199,1580.5064697265625,27.28863525390625,16.67626190185547,169.1746826171875,0.12853524088859558,0.924454641878376,1580.820198059082
mlp,1,8,53853,1024,-100,100,cardinality,True,10000,1000,1000,507.966796875,295.48583984375,1.0,1024.0,505.0,125.0,10.795077456755266,5.930337429046631,512.8930053710938,301.48358154296875,1.0,1023.0,505.0,95.0,14.139242499400135,5.941123962402344,501.2860107421875,289.27618408203125,3.0,1023.0,494.0,795.0,14.042350081362137,5.918388366699219,500,15,1e-09,0.001,64,999,0.005,10.0,False,True,mlp-diff-task-sizes-regression.csv,mse,21,1288.3366001396423,14247.122680664062,13350.03125,75.01828002929688,40.5472412109375,476.81707763671875,0.16532044112682343,0.840464636997906,13434.235107421875
mlp,1,8,3053,8,-100,100,longest_seq_length,True,10000,1000,1000,1.1404999494552612,0.3613305389881134,1.0,3.0,1.0,1.0,0.603659167685414,1.5997881889343262,1.13100004196167,0.34617769718170166,1.0,3.0,1.0,1.0,0.5794759296665827,1.594311237335205,1.1330000162124634,0.34541425108909607,1.0,3.0,1.0,1.0,0.5825806503798119,1.567077875137329,500,15,1e-09,0.001,64,9999,0.005,10.0,False,True,mlp-diff-task-sizes-regression.csv,mse,54,0.11132834683273249,0.11080081854015589,0.11179347336292267,0.20296752452850342,0.09432423114776611,1.8459486961364746,0.15031886100769043,0.06300785385230878,0.11101589305326343
mlp,1,8,3453,16,-100,100,longest_seq_length,True,10000,1000,1000,1.4474999904632568,0.5882548689842224,1.0,5.0,1.0,1.0,1.1852932731183141,2.0936684608459473,1.468999981880188,0.5924854278564453,1.0,4.0,1.0,1.0,1.2134461562375969,2.084343671798706,1.437000036239624,0.5865415930747986,1.0,4.0,1.0,1.0,1.1874737201569803,2.0506536960601807,500,15,1e-09,0.001,64,9999,0.005,10.0,False,True,mlp-diff-task-sizes-regression.csv,mse,41,0.2028293887710875,0.2435512663796544,0.2634677588939667,0.3749940097332001,0.29953813552856445,2.630303382873535,0.26339802145957947,0.23417427235640997,0.2622091583907604
mlp,1,8,4253,32,-100,100,longest_seq_length,True,10000,1000,1000,1.9716999530792236,0.8483508229255676,1.0,7.0,2.0,2.0,1.7256963284221787,2.6590332984924316,1.940999984741211,0.8375672698020935,1.0,5.0,2.0,2.0,1.7141756994693726,2.645707130432129,1.9329999685287476,0.8357696533203125,1.0,6.0,2.0,2.0,1.7224998765358353,2.6042444705963135,500,15,1e-09,0.001,64,9999,0.005,10.0,False,True,mlp-diff-task-sizes-regression.csv,mse,23,0.2764610722186459,0.38846454583108425,0.3845217823982239,0.46494996547698975,0.3567604422569275,2.5583372116088867,0.2521781623363495,0.44951216638430225,0.3857246357947588
mlp,1,8,5853,64,-100,100,longest_seq_length,True,10000,1000,1000,2.9303998947143555,1.3890845775604248,1.0,11.0,3.0,3.0,2.43470848443697,3.272526979446411,2.936000108718872,1.4205294847488403,1.0,9.0,3.0,3.0,2.4818062634558955,3.259382724761963,2.8320000171661377,1.3452792167663574,1.0,8.0,3.0,3.0,2.406537222983922,3.2113852500915527,500,15,1e-09,0.001,64,9999,0.005,10.0,False,True,mlp-diff-task-sizes-regression.csv,mse,18,0.42609578997466213,0.9725143853574991,0.7783806324005127,0.6635848879814148,0.5077690482139587,4.764506816864014,0.27009686827659607,0.5699022282395472,0.7775372974574566
mlp,1,8,9053,128,-100,100,longest_seq_length,True,10000,1000,1000,4.954100131988525,2.7259116172790527,1.0,26.0,5.0,3.0,3.376056769451668,3.9188179969787598,4.916999816894531,2.7397282123565674,1.0,17.0,5.0,3.0,3.4248875076135787,3.9052016735076904,4.800000190734863,2.677685499191284,1.0,15.0,4.0,4.0,3.3866001658779554,3.8526508808135986,500,15,1e-09,0.001,64,9999,0.005,10.0,False,True,mlp-diff-task-sizes-regression.csv,mse,20,0.5545901749164436,2.510546527802944,2.4872851371765137,1.1356701850891113,0.7984107732772827,6.279203414916992,0.25933170318603516,0.653098341585991,2.4782497733831406
mlp,1,8,15453,256,-100,100,longest_seq_length,True,10000,1000,1000,10.552300453186035,7.34889554977417,1.0,60.0,9.0,3.0,4.700184168438654,4.585146903991699,10.467000007629395,7.13616943359375,1.0,37.0,9.0,3.0,4.753774827976976,4.570905685424805,10.227999687194824,7.473019123077393,1.0,46.0,9.0,2.0,4.802141853779453,4.513640880584717,500,15,1e-09,0.001,64,9999,0.005,10.0,False,True,mlp-diff-task-sizes-regression.csv,mse,17,1.5709196993499805,13.337132394313812,15.644035339355469,2.6158266067504883,1.6133441925048828,24.346431732177734,0.2886538803577423,0.719871946661719,15.934866905212402
mlp,1,8,28253,512,-100,100,longest_seq_length,True,10000,1000,1000,34.898399353027344,33.05067825317383,1.0,245.0,24.0,4.0,6.646664233202067,5.262914657592773,34.6609992980957,33.22754669189453,1.0,229.0,23.0,2.0,7.1849316891888115,5.2481865882873535,33.40700149536133,33.053524017333984,1.0,264.0,22.0,3.0,7.1034694419446085,5.188929557800293,500,15,1e-09,0.001,64,9999,0.005,10.0,False,True,mlp-diff-task-sizes-regression.csv,mse,24,15.688149850079968,271.23598861694336,282.5075378417969,9.748941421508789,4.694479942321777,120.59550476074219,0.34008243680000305,0.7414202485946255,281.46328926086426
mlp,1,8,53853,1024,-100,100,longest_seq_length,True,10000,1000,1000,211.75729370117188,248.08934020996094,1.0,1024.0,105.0,3.0,9.764807495460797,5.947558879852295,210.9010009765625,244.80615234375,1.0,1022.0,105.5,5.0,11.55792290620519,5.93290901184082,208.21499633789062,252.03126525878906,1.0,1016.0,97.5,2.0,11.457511853575122,5.871810436248779,500,15,1e-09,0.001,64,9999,0.005,10.0,False,True,mlp-diff-task-sizes-regression.csv,mse,58,554.6376087164423,14173.508514404297,15791.466796875,68.7155532836914,20.85018539428711,646.9384765625,0.9027186036109924,0.7513928329693531,15719.134887695312
mlp,1,8,3053,8,-100,100,largest_contiguous_sum,True,10000,1000,1000,107.67630004882812,97.32718658447266,-100.0,588.0,96.0,99.0,8.992505633319299,1.5997881889343262,109.96499633789062,98.43608093261719,-100.0,477.0,97.0,88.0,10.772484063817277,1.594311237335205,107.01399993896484,99.26596069335938,-98.0,425.0,94.5,50.0,10.891687612429337,1.567077875137329,500,15,1e-09,0.001,64,9999,0.005,10.0,False,True,mlp-diff-task-sizes-regression.csv,mse,95,9.827208283220886,4.740630827844143,18.342021942138672,1.2304954528808594,0.5923080444335938,76.37484741210938,305969108090880.0,0.9981385710242394,17.933639232069254
mlp,1,8,3453,16,-100,100,largest_contiguous_sum,True,10000,1000,1000,210.99710083007812,153.9534912109375,-100.0,886.0,195.0,90.0,9.838956829040878,2.0936684608459473,210.2530059814453,157.48829650878906,-98.0,756.0,195.5,178.0,12.216573288579903,2.084343671798706,205.08900451660156,157.54415893554688,-98.0,729.0,186.5,188.0,12.225175189917346,2.0506536960601807,500,15,1e-09,0.001,64,9999,0.005,10.0,False,True,mlp-diff-task-sizes-regression.csv,mse,163,9.132706657716422,4.5984645411372185,8.339599609375,1.1367371082305908,0.5161361694335938,47.203006744384766,24124156018688.0,0.9996639989830806,8.185875218361616
mlp,1,8,4253,32,-100,100,largest_contiguous_sum,True,10000,1000,1000,414.1199035644531,268.6629943847656,-100.0,1412.0,395.0,97.0,11.01567045663423,2.6590332984924316,414.2690124511719,269.03302001953125,-96.0,1215.0,399.0,176.0,13.996823562937532,2.645707130432129,404.17999267578125,273.50677490234375,-100.0,1252.0,385.0,78.0,14.075091712507653,2.6042444705963135,500,15,1e-09,0.001,64,9999,0.005,10.0,False,True,mlp-diff-task-sizes-regression.csv,mse,330,19.23505304117871,23.640107065439224,26.456480026245117,2.622617244720459,1.338226318359375,64.38174438476562,43091574652928.0,0.9996463319117741,25.965675562620163
mlp,1,8,5853,64,-100,100,largest_contiguous_sum,True,10000,1000,1000,816.6488037109375,500.16192626953125,-100.0,2342.0,797.0,838.0,12.64891438355282,3.272526979446411,817.8469848632812,505.17608642578125,-90.0,2426.0,813.0,8.0,15.583147792938979,3.259382724761963,779.927001953125,504.61566162109375,-93.0,2160.0,737.0,341.0,15.423544434004851,3.2113852500915527,500,15,1e-09,0.001,64,9999,0.005,10.0,False,True,mlp-diff-task-sizes-regression.csv,mse,46,1602.0130401416948,5175.919448852539,5305.58349609375,51.474342346191406,35.41009521484375,295.258544921875,0.14794321358203888,0.979164126704078,5323.6517333984375
mlp,1,8,9053,128,-100,100,largest_contiguous_sum,True,10000,1000,1000,1618.497314453125,961.0709838867188,-98.0,4734.0,1601.0,398.0,14.982824833745749,3.9188179969787598,1615.2889404296875,965.1375122070312,-82.0,4028.0,1649.0,455.0,16.359977563503897,3.9052016735076904,1560.239990234375,1000.2769165039062,-93.0,4349.0,1486.5,467.0,16.58511167102723,3.8526508808135986,500,15,1e-09,0.001,64,9999,0.005,10.0,False,True,mlp-diff-task-sizes-regression.csv,mse,47,2882.978551390824,29858.14453125,32287.86328125,118.20327758789062,71.13360595703125,961.0302734375,321215403130880.0,0.9677300082381342,32335.739135742188
mlp,1,8,15453,256,-100,100,largest_contiguous_sum,True,10000,1000,1000,3225.6767578125,1877.916748046875,-78.0,7756.0,3205.0,3621.0,17.69923654251852,4.585146903991699,3205.281982421875,1898.35546875,-21.0,7191.0,3230.0,637.0,17.201092212833018,4.570905685424805,3134.568115234375,1947.6986083984375,-8.0,7646.0,3090.0,104.0,17.10313549176457,4.513640880584717,500,15,1e-09,0.001,64,9999,0.005,10.0,False,True,mlp-diff-task-sizes-regression.csv,mse,35,7506.32871746865,187852.2666015625,204718.75,298.4048156738281,173.6219482421875,2166.9580078125,0.24436910450458527,0.946034760768431,210716.21435546875
mlp,1,8,28253,512,-100,100,largest_contiguous_sum,True,10000,1000,1000,6433.87109375,3720.10205078125,-64.0,14998.0,6416.5,8888.0,20.390206140922892,5.262914657592773,6422.466796875,3766.5068359375,-61.0,14095.0,6665.0,482.0,17.534903713211627,5.2481865882873535,6212.60009765625,3826.841064453125,-20.0,13916.0,6085.5,11092.0,17.62017886251056,5.188929557800293,500,15,1e-09,0.001,64,9999,0.005,10.0,False,True,mlp-diff-task-sizes-regression.csv,mse,30,46794.1876866043,1421868.60546875,1390208.75,754.0457763671875,383.36669921875,5816.78662109375,0.28229546546936035,0.90507094619417,1396186.5390625
mlp,1,8,53853,1024,-100,100,largest_contiguous_sum,True,10000,1000,1000,12850.546875,7413.6904296875,-95.0,27987.0,12825.0,11683.0,22.230418922895,5.947558879852295,12832.6611328125,7539.4970703125,86.0,27459.0,12820.0,9293.0,17.71666490859199,5.93290901184082,12450.2060546875,7658.13427734375,-27.0,27080.0,12098.0,17708.0,17.705944236805166,5.871810436248779,500,15,1e-09,0.001,64,9999,0.005,10.0,False,True,mlp-diff-task-sizes-regression.csv,mse,37,363175.7587579618,11099565.5625,10684379.0,2093.956298828125,1011.02392578125,12091.5234375,0.19285157322883606,0.8178189070218528,10642743.25
mlp,1,8,3053,8,-100,100,max,True,10000,1000,1000,54.126800537109375,43.700416564941406,-100.0,100.0,69.0,95.0,7.077579594385742,1.5997881889343262,54.5,43.50434494018555,-100.0,100.0,69.0,98.0,7.8362993726807195,1.594311237335205,53.21099853515625,44.545284271240234,-98.0,100.0,68.5,100.0,7.899206439462607,1.567077875137329,500,15,1e-09,0.001,64,9999,0.005,10.0,False,True,mlp-diff-task-sizes-regression.csv,mse,90,19.54992164927683,19.538269728422165,35.48393630981445,2.7835891246795654,1.2700843811035156,76.82915496826172,350905639632896.0,0.9821174966638279,35.1214981675148
mlp,1,8,3453,16,-100,100,max,True,10000,1000,1000,69.55239868164062,36.22832489013672,-100.0,100.0,83.0,100.0,6.489031382539395,2.0936684608459473,68.2750015258789,38.458255767822266,-98.0,100.0,82.0,96.0,7.18694458173718,2.084343671798706,67.37999725341797,39.70317077636719,-98.0,100.0,82.0,96.0,7.241911004539944,2.0506536960601807,500,15,1e-09,0.001,64,9999,0.005,10.0,False,True,mlp-diff-task-sizes-regression.csv,mse,76,38.389462975180074,58.1392719745636,75.08138275146484,5.793850421905518,3.84429931640625,64.53915405273438,62558790746112.0,0.9523698533791095,74.80024409294128
mlp,1,8,4253,32,-100,100,max,True,10000,1000,1000,81.02140045166016,28.312091827392578,-100.0,100.0,91.0,100.0,5.748499355266278,2.6590332984924316,80.25800323486328,30.189821243286133,-96.0,100.0,91.0,100.0,6.286245246212053,2.645707130432129,78.927001953125,31.9731388092041,-100.0,100.0,90.5,100.0,6.392471746978295,2.6042444705963135,500,15,1e-09,0.001,64,9999,0.005,10.0,False,True,mlp-diff-task-sizes-regression.csv,mse,65,60.02891278115048,133.7998390197754,118.49908447265625,8.08689022064209,6.023769378662109,42.54280471801758,23004591423488.0,0.8840837200288221,117.30954694747925
mlp,1,8,5853,64,-100,100,max,True,10000,1000,1000,88.77960205078125,21.55010986328125,-100.0,100.0,96.0,100.0,4.876819236486103,3.272526979446411,89.05599975585938,19.967796325683594,-90.0,100.0,96.0,100.0,5.111046344567342,3.259382724761963,86.84400177001953,25.051300048828125,-93.0,100.0,95.0,100.0,5.44444145697817,3.2113852500915527,500,15,1e-09,0.001,64,9999,0.005,10.0,False,True,mlp-diff-task-sizes-regression.csv,mse,88,51.683820299282196,150.38283824920654,142.4551239013672,9.425562858581543,7.950519561767578,48.47802734375,0.13425399363040924,0.7730043442737154,142.42872858047485
mlp,1,8,9053,128,-100,100,max,True,10000,1000,1000,93.64849853515625,15.459959983825684,-98.0,100.0,98.0,100.0,3.961380601276527,3.9188179969787598,92.7750015258789,17.811017990112305,-82.0,100.0,98.0,100.0,4.283299569820559,3.9052016735076904,92.26699829101562,18.5439395904541,-93.0,100.0,98.0,100.0,4.32835702728873,3.8526508808135986,500,15,1e-09,0.001,64,9999,0.005,10.0,False,True,mlp-diff-task-sizes-regression.csv,mse,43,62.21017064865987,161.32990837097168,167.76255798339844,10.200326919555664,8.40936279296875,49.24321746826172,183104891256832.0,0.5121446971842468,167.67772436141968
mlp,1,8,15453,256,-100,100,max,True,10000,1000,1000,96.47760009765625,11.564855575561523,-78.0,100.0,99.0,100.0,3.0088651972295173,4.585146903991699,96.69200134277344,8.90388298034668,-21.0,100.0,99.0,100.0,3.1840574287285692,4.570905685424805,96.02799987792969,10.80394458770752,-8.0,100.0,99.0,100.0,3.333899114076596,4.513640880584717,500,15,1e-09,0.001,64,9999,0.005,10.0,False,True,mlp-diff-task-sizes-regression.csv,mse,29,55.88851063722258,146.1490626335144,148.32022094726562,9.469528198242188,7.793418884277344,49.2111930847168,0.13107681274414062,-0.2706784356646823,147.68969440460205
mlp,1,8,28253,512,-100,100,max,True,10000,1000,1000,98.24169921875,7.454695224761963,-64.0,100.0,100.0,100.0,2.0870881180429413,5.262914657592773,98.3280029296875,7.720647811889648,-61.0,100.0,100.0,100.0,2.116294543810283,5.2481865882873535,97.96399688720703,7.7550435066223145,-20.0,100.0,100.0,100.0,2.2795525635325764,5.188929557800293,500,15,1e-09,0.001,64,9999,0.005,10.0,False,True,mlp-diff-task-sizes-regression.csv,mse,62,32.52777317071416,155.20631551742554,158.03480529785156,9.919677734375,8.238975524902344,50.41105270385742,0.10950038582086563,-1.6277513049432462,160.24283742904663
mlp,1,8,53853,1024,-100,100,max,True,10000,1000,1000,99.19339752197266,5.414092540740967,-95.0,100.0,100.0,100.0,1.2560930855414472,5.947558879852295,99.16100311279297,3.429442882537842,63.0,100.0,100.0,100.0,1.3841627543514452,5.93290901184082,99.02400207519531,5.426363468170166,-27.0,100.0,100.0,100.0,1.4730399120665223,5.871810436248779,500,15,1e-09,0.001,64,9999,0.005,10.0,False,True,mlp-diff-task-sizes-regression.csv,mse,56,37.49116659468147,141.23301315307617,153.01876831054688,9.631673812866211,7.746665954589844,60.351749420166016,0.0991750955581665,-4.196690950123772,152.96132802963257
mlp,1,8,3053,8,-100,100,cardinality,True,10000,1000,1000,4.4899001121521,2.2742247581481934,1.0,8.0,4.0,5.0,3.0007800620683747,1.5997881889343262,4.47599983215332,2.2990050315856934,1.0,8.0,4.0,7.0,3.008406873883489,1.594311237335205,4.372000217437744,2.3485350608825684,1.0,8.0,4.0,1.0,3.0062924606380412,1.567077875137329,500,15,1e-09,0.001,64,9999,0.005,10.0,False,True,mlp-diff-task-sizes-regression.csv,mse,206,0.05709766614944882,0.04911693558096886,0.049841154366731644,0.1395210325717926,0.08619135618209839,2.0531492233276367,0.033630721271038055,0.9909636292119299,0.049706340534612536
mlp,1,8,3453,16,-100,100,cardinality,True,10000,1000,1000,8.477299690246582,4.573519706726074,1.0,16.0,8.0,9.0,4.002968036215602,2.0936684608459473,8.467000007629395,4.665502071380615,1.0,16.0,8.0,12.0,4.028768962941898,2.084343671798706,8.241000175476074,4.728733062744141,1.0,16.0,8.0,2.0,4.032963608444709,2.0506536960601807,500,15,1e-09,0.001,64,9999,0.005,10.0,False,True,mlp-diff-task-sizes-regression.csv,mse,121,0.5868339954288142,1.2730960361659527,1.3971192836761475,0.7997674942016602,0.5045225620269775,5.909109115600586,0.09974296391010284,0.9375195981138332,1.4111366495490074
mlp,1,8,4253,32,-100,100,cardinality,True,10000,1000,1000,16.460100173950195,9.158514976501465,1.0,32.0,16.0,18.0,5.008732442393702,2.6590332984924316,16.42300033569336,9.322235107421875,1.0,32.0,16.0,27.0,5.087438899186848,2.645707130432129,15.982999801635742,9.470307350158691,1.0,32.0,16.0,10.0,5.092015293949032,2.6042444705963135,500,15,1e-09,0.001,64,9999,0.005,10.0,False,True,mlp-diff-task-sizes-regression.csv,mse,26,3.1082095583533027,4.99227149784565,4.762166976928711,1.6269941329956055,1.2126274108886719,8.599739074707031,0.15530069172382355,0.9469021982124906,4.723018109798431
mlp,1,8,5853,64,-100,100,cardinality,True,10000,1000,1000,32.41630172729492,18.331323623657227,1.0,64.0,32.0,3.0,6.024647563561403,3.272526979446411,32.3650016784668,18.644027709960938,1.0,64.0,32.0,45.0,6.246795193659169,3.259382724761963,31.47599983215332,18.929115295410156,1.0,64.0,31.0,2.0,6.238018215506922,3.2113852500915527,500,15,1e-09,0.001,64,9999,0.005,10.0,False,True,mlp-diff-task-sizes-regression.csv,mse,43,4.940854986761786,14.538172006607056,14.53089427947998,2.7809088230133057,1.9234752655029297,19.53447723388672,0.12543733417987823,0.9594461848531457,14.39646589756012
mlp,1,8,9053,128,-100,100,cardinality,True,10000,1000,1000,64.33560180664062,36.662841796875,1.0,128.0,64.0,72.0,7.062200635858723,3.9188179969787598,64.23600006103516,37.286865234375,1.0,128.0,64.0,106.0,7.624224382812766,3.9052016735076904,62.465999603271484,37.85932922363281,1.0,128.0,62.0,4.0,7.590730136926597,3.8526508808135986,500,15,1e-09,0.001,64,9999,0.005,10.0,False,True,mlp-diff-task-sizes-regression.csv,mse,30,9.725681560054706,50.93856239318848,63.13119125366211,5.485408782958984,3.354398727416992,34.33332824707031,0.11816510558128357,0.9559548457146354,62.46757888793945
mlp,1,8,15453,256,-100,100,cardinality,True,10000,1000,1000,128.17970275878906,73.32910919189453,1.0,256.0,128.0,129.0,8.14964255202316,4.585146903991699,127.95999908447266,74.57620239257812,1.0,256.0,128.0,101.0,9.410573032375169,4.570905685424805,124.40799713134766,75.74341583251953,1.0,256.0,123.0,7.0,9.431418092169991,4.513640880584717,500,15,1e-09,0.001,64,9999,0.005,10.0,False,True,mlp-diff-task-sizes-regression.csv,mse,30,22.15009275059791,275.75593185424805,309.00567626953125,12.00586223602295,7.554800033569336,79.40208435058594,0.11646180599927902,0.9461387195026882,307.77446269989014
mlp,1,8,28253,512,-100,100,cardinality,True,10000,1000,1000,255.86520385742188,146.65733337402344,1.0,512.0,256.0,378.0,9.348889118083834,5.262914657592773,255.39700317382812,149.14791870117188,1.0,512.0,256.0,496.0,11.74390571199175,5.2481865882873535,248.322998046875,151.48426818847656,1.0,511.0,246.0,16.0,11.7735173405271,5.188929557800293,500,15,1e-09,0.001,64,9999,0.005,10.0,False,True,mlp-diff-task-sizes-regression.csv,mse,30,144.85713506807946,1736.509147644043,1957.0672607421875,28.998937606811523,17.057594299316406,194.4583740234375,0.1247924417257309,0.9147153930459127,1952.080909729004
mlp,1,8,53853,1024,-100,100,cardinality,True,10000,1000,1000,511.2383117675781,293.31884765625,1.0,1024.0,512.0,640.0,10.80003459549359,5.947558879852295,510.2969970703125,298.30938720703125,2.0,1023.0,511.5,847.0,14.008872368933064,5.93290901184082,496.1470031738281,302.9980773925781,1.0,1021.0,491.0,32.0,14.232049794526613,5.871810436248779,500,15,1e-09,0.001,64,9999,0.005,10.0,False,True,mlp-diff-task-sizes-regression.csv,mse,20,1231.1799188115795,15174.116516113281,13616.921875,76.64527893066406,41.69987487792969,531.8473510742188,0.19123432040214539,0.8516801576225659,13543.931427001953
mlp,1,8,3053,8,-100,100,longest_seq_length,True,10000,1000,1000,1.142899990081787,0.3626011312007904,1.0,4.0,1.0,1.0,0.6104238482326554,1.594286322593689,1.1640000343322754,0.3912850618362427,1.0,3.0,1.0,1.0,0.6757238391159635,1.615328073501587,1.1440000534057617,0.3650534152984619,1.0,3.0,1.0,1.0,0.6189707779750816,1.6287792921066284,500,15,1e-09,0.001,64,99999,0.005,10.0,False,True,mlp-diff-task-sizes-regression.csv,mse,37,0.11343029817673052,0.13917316310107708,0.12793977558612823,0.23985400795936584,0.13760769367218018,1.857237696647644,0.18581987917423248,0.03995239161201736,0.12871739035472274
mlp,1,8,3453,16,-100,100,longest_seq_length,True,10000,1000,1000,1.434999942779541,0.5751304626464844,1.0,5.0,1.0,1.0,1.1609251326319932,2.0874500274658203,1.4589999914169312,0.5782032012939453,1.0,4.0,1.0,1.0,1.1906056383231773,2.113555908203125,1.4789999723434448,0.616083562374115,1.0,4.0,1.0,1.0,1.246275818154705,2.126591205596924,500,15,1e-09,0.001,64,99999,0.005,10.0,False,True,mlp-diff-task-sizes-regression.csv,mse,33,0.19953794430965072,0.25716410763561726,0.29665300250053406,0.40072524547576904,0.3040527105331421,2.358266592025757,0.28200003504753113,0.21842716467650725,0.2997143194079399
mlp,1,8,4253,32,-100,100,longest_seq_length,True,10000,1000,1000,1.958799958229065,0.8470552563667297,1.0,7.0,2.0,2.0,1.7242313330143852,2.6502907276153564,1.996000051498413,0.8567286729812622,1.0,5.0,2.0,2.0,1.7535802152506177,2.6810243129730225,1.9989999532699585,0.8961021304130554,1.0,8.0,2.0,2.0,1.7990728533407574,2.6957993507385254,500,15,1e-09,0.001,64,99999,0.005,10.0,False,True,mlp-diff-task-sizes-regression.csv,mse,21,0.28376751255457566,0.43941834941506386,0.5010215640068054,0.5179992318153381,0.3949217200279236,4.281888484954834,0.2713649868965149,0.37606200862933215,0.49678931944072247
mlp,1,8,5853,64,-100,100,longest_seq_length,True,10000,1000,1000,2.923099994659424,1.383541226387024,1.0,12.0,3.0,3.0,2.4330685987076506,3.263730049133301,2.9609999656677246,1.4154430627822876,1.0,12.0,3.0,2.0,2.481252600728062,3.299808979034424,2.9730000495910645,1.3484327793121338,1.0,10.0,3.0,2.0,2.4282396208057593,3.3115434646606445,500,15,1e-09,0.001,64,99999,0.005,10.0,False,True,mlp-diff-task-sizes-regression.csv,mse,21,0.39264035614053155,0.9639558494091034,0.9316826462745667,0.7106347680091858,0.5235838890075684,7.171762466430664,0.25684329867362976,0.48759968512886886,0.929146446287632
mlp,1,8,9053,128,-100,100,longest_seq_length,True,10000,1000,1000,4.915500164031982,2.678947687149048,1.0,18.0,5.0,3.0,3.3588873892851434,3.9093000888824463,5.044000148773193,2.7571840286254883,1.0,18.0,5.0,3.0,3.4452833472688162,3.9482314586639404,5.111000061035156,2.7703211307525635,1.0,16.0,5.0,4.0,3.447340920249144,3.958667516708374,500,15,1e-09,0.001,64,99999,0.005,10.0,False,True,mlp-diff-task-sizes-regression.csv,mse,21,0.5175404392989578,2.824055716395378,3.170603036880493,1.2816760540008545,0.9174301624298096,10.33975601196289,0.2656434178352356,0.5868748469538227,3.1420657262206078
mlp,1,8,15453,256,-100,100,longest_seq_length,True,10000,1000,1000,10.452099800109863,7.236332416534424,1.0,54.0,9.0,3.0,4.677818625689582,4.57519006729126,10.690999984741211,7.194825649261475,1.0,36.0,9.0,3.0,4.807316923934755,4.614556312561035,11.097000122070312,7.561586856842041,1.0,47.0,10.0,4.0,4.882946522020425,4.62540864944458,500,15,1e-09,0.001,64,99999,0.005,10.0,False,True,mlp-diff-task-sizes-regression.csv,mse,17,1.5348384653686717,13.260787516832352,17.9675350189209,2.7555289268493652,1.7385858297348022,32.36644744873047,0.27130773663520813,0.6857591478833323,17.9381862282753
mlp,1,8,28253,512,-100,100,longest_seq_length,True,10000,1000,1000,34.798099517822266,33.64070510864258,1.0,230.0,23.0,3.0,6.65322970008455,5.252865791320801,35.82600021362305,33.444427490234375,1.0,270.0,25.0,4.0,7.244994141050057,5.292989253997803,36.34400177001953,33.51103973388672,1.0,216.0,26.0,3.0,7.211161491013663,5.302632808685303,500,15,1e-09,0.001,64,99999,0.005,10.0,False,True,mlp-diff-task-sizes-regression.csv,mse,59,10.59576022397181,272.31154108047485,283.7334289550781,9.81757640838623,5.030672073364258,133.49624633789062,0.2908236086368561,0.7473410101721969,281.2919034957886
mlp,1,8,53853,1024,-100,100,longest_seq_length,True,10000,1000,1000,210.70700073242188,249.4159698486328,1.0,1024.0,101.0,4.0,9.71508797747848,5.937529563903809,222.03799438476562,256.2527160644531,1.0,1018.0,113.0,5.0,11.69702953756227,5.9778828620910645,233.23699951171875,264.5133056640625,1.0,1021.0,123.5,9.0,11.766047023701375,5.986629486083984,500,15,1e-09,0.001,64,99999,0.005,10.0,False,True,mlp-diff-task-sizes-regression.csv,mse,61,572.9345018909236,17004.01153564453,17899.912109375,78.02796936035156,28.20724868774414,618.8955078125,0.7912349700927734,0.7441674411499117,17844.203674316406
mlp,1,8,3053,8,-100,100,largest_contiguous_sum,True,10000,1000,1000,106.01840209960938,96.19953918457031,-100.0,495.0,95.0,86.0,8.970079547895816,1.594286322593689,106.0770034790039,93.56487274169922,-100.0,447.0,94.0,73.0,10.643294779105418,1.615328073501587,114.7030029296875,100.55795288085938,-96.0,516.0,100.0,58.0,10.84681457932082,1.6287792921066284,500,15,1e-09,0.001,64,99999,0.005,10.0,False,True,mlp-diff-task-sizes-regression.csv,mse,67,11.267084886124179,14.394676396623254,14.573866844177246,1.1600741147994995,0.52215576171875,88.8872299194336,65252104339456.0,0.998558740969904,14.24614780023694
mlp,1,8,3453,16,-100,100,largest_contiguous_sum,True,10000,1000,1000,208.14480590820312,151.62669372558594,-100.0,858.0,190.0,99.0,9.808711892179332,2.0874500274658203,215.07000732421875,152.7391815185547,-99.0,807.0,200.0,98.0,12.111539825915475,2.113555908203125,216.6179962158203,152.4412078857422,-95.0,759.0,206.0,104.0,12.167065690202712,2.126591205596924,500,15,1e-09,0.001,64,99999,0.005,10.0,False,True,mlp-diff-task-sizes-regression.csv,mse,139,9.007032260013993,5.405533358454704,6.015273571014404,1.0232563018798828,0.518707275390625,36.09417724609375,365442531328.0,0.9997411485407033,6.078471075743437
mlp,1,8,4253,32,-100,100,largest_contiguous_sum,True,10000,1000,1000,406.4674987792969,264.6031799316406,-100.0,1393.0,386.0,98.0,10.96930329136799,2.6502907276153564,420.0220031738281,267.9237060546875,-93.0,1330.0,396.0,278.0,13.916136311825635,2.6810243129730225,424.7640075683594,266.0018615722656,-97.0,1449.0,408.5,439.0,13.834185193247656,2.6957993507385254,500,15,1e-09,0.001,64,99999,0.005,10.0,False,True,mlp-diff-task-sizes-regression.csv,mse,286,14.789778963016097,12.978013098239899,10.866726875305176,1.945266842842102,1.21185302734375,32.971126556396484,0.05738569423556328,0.9998464218737002,10.765134334564209
mlp,1,8,5853,64,-100,100,largest_contiguous_sum,True,10000,1000,1000,805.4564208984375,493.7114562988281,-100.0,2283.0,783.0,872.0,12.615053774798858,3.263730049133301,835.7559814453125,496.62530517578125,-87.0,2102.0,834.0,80.0,15.548408955581063,3.299808979034424,836.208984375,497.195068359375,-89.0,2214.0,807.5,483.0,15.702897822477063,3.3115434646606445,500,15,1e-09,0.001,64,99999,0.005,10.0,False,True,mlp-diff-task-sizes-regression.csv,mse,57,1441.4995253253135,5622.097610473633,5952.35986328125,53.533592224121094,34.773399353027344,506.5850830078125,0.13415227830410004,0.9759211625513399,6073.230804443359
mlp,1,8,9053,128,-100,100,largest_contiguous_sum,True,10000,1000,1000,1604.786865234375,957.7651977539062,-100.0,4107.0,1578.0,167.0,14.99105011953592,3.9093000888824463,1670.85595703125,981.1203002929688,-47.0,4016.0,1636.0,426.0,16.61788960840245,3.9482314586639404,1674.446044921875,960.057373046875,-99.0,3649.0,1663.0,303.0,16.586582346014254,3.958667516708374,500,15,1e-09,0.001,64,99999,0.005,10.0,False,True,mlp-diff-task-sizes-regression.csv,mse,57,2564.0359446531647,33367.189208984375,34448.9453125,124.632080078125,73.84423828125,913.3359375,0.2685895264148712,0.962624970806473,34032.223571777344
mlp,1,8,15453,256,-100,100,largest_contiguous_sum,True,10000,1000,1000,3204.59765625,1890.5201416015625,-95.0,7812.0,3165.0,2268.0,17.829927354783244,4.57519006729126,3294.09912109375,1909.7628173828125,-95.0,7711.0,3310.0,1531.0,16.97395810530968,4.614556312561035,3316.16796875,1883.2587890625,-32.0,7316.0,3339.5,5124.0,17.017005589493365,4.62540864944458,500,15,1e-09,0.001,64,99999,0.005,10.0,False,True,mlp-diff-task-sizes-regression.csv,mse,43,7246.870891595342,188627.88427734375,209153.625,312.8584289550781,195.6619873046875,2205.0419921875,0.15502746403217316,0.9410280609914642,210869.962890625
mlp,1,8,28253,512,-100,100,largest_contiguous_sum,True,10000,1000,1000,6399.23779296875,3743.01953125,-93.0,14776.0,6352.0,2159.0,20.36939253527833,5.252865791320801,6557.5908203125,3740.10498046875,-27.0,14468.0,6537.5,3871.0,17.44766766393,5.292989253997803,6611.15185546875,3746.221923828125,-70.0,13761.0,6662.5,9014.0,17.491040576072976,5.302632808685303,500,15,1e-09,0.001,64,99999,0.005,10.0,False,True,mlp-diff-task-sizes-regression.csv,mse,36,46846.309688495225,1452920.6328125,1554488.375,826.6259765625,469.2540283203125,6175.2177734375,1264073433939968.0,0.8892355248607626,1543334.765625
mlp,1,8,53853,1024,-100,100,largest_contiguous_sum,True,10000,1000,1000,12776.2080078125,7443.37890625,-68.0,28480.0,12682.5,2127.0,22.207491897675386,5.937529563903809,13159.8857421875,7452.12939453125,22.0,27853.0,13244.5,1161.0,17.749317148948137,5.9778828620910645,13246.63671875,7434.4755859375,26.0,26766.0,13372.0,18041.0,17.71666490859199,5.986629486083984,500,15,1e-09,0.001,64,99999,0.005,10.0,False,True,mlp-diff-task-sizes-regression.csv,mse,23,399990.9787519904,11025854.5625,12139586.0,2334.258544921875,1181.418212890625,13706.6416015625,0.19137629866600037,0.7803641805486365,12200582.90625
mlp,1,8,3053,8,-100,100,max,True,10000,1000,1000,53.9098014831543,44.0926513671875,-100.0,100.0,68.0,99.0,7.083732331370831,1.594286322593689,54.641998291015625,42.78031921386719,-100.0,100.0,68.0,100.0,7.802614327900472,1.615328073501587,56.49100112915039,42.280914306640625,-96.0,100.0,70.0,99.0,7.740272746815423,1.6287792921066284,500,15,1e-09,0.001,64,99999,0.005,10.0,False,True,mlp-diff-task-sizes-regression.csv,mse,168,15.770289214553348,20.54658842086792,26.151309967041016,2.5325052738189697,1.2074661254882812,90.05786895751953,91354902298624.0,0.9853713356866044,25.835572630167007
mlp,1,8,3453,16,-100,100,max,True,10000,1000,1000,69.77030181884766,35.81840515136719,-100.0,100.0,83.0,99.0,6.475614142667455,2.0874500274658203,71.32099914550781,34.90787887573242,-99.0,100.0,84.0,96.0,6.907562549337217,2.113555908203125,70.96199798583984,36.026611328125,-95.0,100.0,85.0,97.0,6.994427444604765,2.126591205596924,500,15,1e-09,0.001,64,99999,0.005,10.0,False,True,mlp-diff-task-sizes-regression.csv,mse,136,29.971703092004084,54.761467695236206,56.7332763671875,5.238559722900391,3.61383056640625,50.366310119628906,3771718434816.0,0.9562889672069824,56.63496446609497
mlp,1,8,4253,32,-100,100,max,True,10000,1000,1000,81.14769744873047,27.956960678100586,-100.0,100.0,91.0,100.0,5.736100555790731,2.6502907276153564,81.83100128173828,26.261728286743164,-93.0,100.0,91.0,100.0,6.106674636539629,2.6810243129730225,82.43099975585938,25.964923858642578,-97.0,100.0,92.0,100.0,6.0331398236949685,2.6957993507385254,500,15,1e-09,0.001,64,99999,0.005,10.0,False,True,mlp-diff-task-sizes-regression.csv,mse,91,54.21130631076303,126.01747345924377,117.29591369628906,8.048670768737793,6.224037170410156,76.54592895507812,0.14376604557037354,0.8260162008567875,117.01456832885742
mlp,1,8,5853,64,-100,100,max,True,10000,1000,1000,88.66580200195312,21.481529235839844,-100.0,100.0,96.0,100.0,4.893302114528703,3.263730049133301,89.87799835205078,19.19518280029297,-87.0,100.0,96.0,99.0,5.035003173869508,3.299808979034424,89.0459976196289,21.300325393676758,-89.0,100.0,96.0,100.0,5.132916255604695,3.3115434646606445,500,15,1e-09,0.001,64,99999,0.005,10.0,False,True,mlp-diff-task-sizes-regression.csv,mse,34,89.94201098885506,159.131854057312,154.335693359375,9.661151885986328,8.181304931640625,47.16349411010742,0.14729911088943481,0.659831702919593,156.32502698898315
mlp,1,8,9053,128,-100,100,max,True,10000,1000,1000,93.63610076904297,15.57884693145752,-100.0,100.0,98.0,100.0,3.958092939446358,3.9093000888824463,93.99299621582031,13.920738220214844,-47.0,100.0,98.0,100.0,4.099995325627293,3.9482314586639404,93.79000091552734,15.338836669921875,-99.0,100.0,98.0,100.0,4.098242608007137,3.958667516708374,500,15,1e-09,0.001,64,99999,0.005,10.0,False,True,mlp-diff-task-sizes-regression.csv,mse,41,57.4310889031477,151.59525632858276,150.55821228027344,9.032008171081543,7.196990966796875,99.27796173095703,0.1527012586593628,0.36008887052953864,150.4167284965515
mlp,1,8,15453,256,-100,100,max,True,10000,1000,1000,96.44670104980469,11.493735313415527,-95.0,100.0,99.0,100.0,3.026447624745176,4.57519006729126,96.55699920654297,12.453063011169434,-95.0,100.0,99.0,100.0,3.0822509192202747,4.614556312561035,96.7490005493164,10.869866371154785,-32.0,100.0,99.0,100.0,3.010913008276564,4.62540864944458,500,15,1e-09,0.001,64,99999,0.005,10.0,False,True,mlp-diff-task-sizes-regression.csv,mse,45,40.12467689271186,168.2454013824463,165.76022338867188,10.16946792602539,8.446136474609375,48.46337890625,0.1116744875907898,-0.4029167483674929,165.72023677825928
mlp,1,8,28253,512,-100,100,max,True,10000,1000,1000,98.27880096435547,7.185810565948486,-93.0,100.0,100.0,100.0,2.0895666923791243,5.252865791320801,98.1709976196289,8.030800819396973,-27.0,100.0,100.0,100.0,2.1670347558645315,5.292989253997803,97.875,10.392660140991211,-70.0,100.0,100.0,100.0,2.1624369723281642,5.302632808685303,500,15,1e-09,0.001,64,99999,0.005,10.0,False,True,mlp-diff-task-sizes-regression.csv,mse,38,31.76420614521974,147.0452160835266,165.41897583007812,9.743453979492188,7.751956939697266,92.4610366821289,191223084089344.0,-0.5315524037778125,163.86267614364624
mlp,1,8,53853,1024,-100,100,max,True,10000,1000,1000,99.14649963378906,5.469025135040283,-68.0,100.0,100.0,100.0,1.29697783250213,5.937529563903809,99.26399993896484,3.68324613571167,22.0,100.0,100.0,100.0,1.3145605989865992,5.9778828620910645,99.1240005493164,4.803605556488037,21.0,100.0,100.0,100.0,1.3757812006984835,5.986629486083984,500,15,1e-09,0.001,64,99999,0.005,10.0,False,True,mlp-diff-task-sizes-regression.csv,mse,66,34.51013173874776,157.54695892333984,141.6697998046875,9.483070373535156,7.982250213623047,39.51252365112305,0.09652078151702881,-5.13963608285728,143.12734842300415
mlp,1,8,3053,8,-100,100,cardinality,True,10000,1000,1000,4.4664998054504395,2.282165050506592,1.0,8.0,4.0,2.0,3.000802938994435,1.594286322593689,4.578000068664551,2.299546957015991,1.0,8.0,5.0,8.0,3.0113738635216927,1.615328073501587,4.63700008392334,2.291992664337158,1.0,8.0,5.0,8.0,3.0080252255046838,1.6287792921066284,500,15,1e-09,0.001,64,99999,0.005,10.0,False,True,mlp-diff-task-sizes-regression.csv,mse,280,0.06187788575033473,0.06371169758494943,0.06880385428667068,0.16079291701316833,0.08608508110046387,1.7692673206329346,0.03516223654150963,0.9869025644211813,0.07005651597864926
mlp,1,8,3453,16,-100,100,cardinality,True,10000,1000,1000,8.440999984741211,4.597555637359619,1.0,16.0,8.0,6.0,4.002996381743535,2.0874500274658203,8.657999992370605,4.621799945831299,1.0,16.0,9.0,16.0,4.036274825431252,2.113555908203125,8.741000175476074,4.605639934539795,1.0,16.0,9.0,13.0,4.029733417581513,2.126591205596924,500,15,1e-09,0.001,64,99999,0.005,10.0,False,True,mlp-diff-task-sizes-regression.csv,mse,127,0.510520186773531,1.1793810669332743,1.1952558755874634,0.783005952835083,0.527803897857666,6.117369651794434,0.10049957782030106,0.9436516889358687,1.2058153077960014
mlp,1,8,4253,32,-100,100,cardinality,True,10000,1000,1000,16.380699157714844,9.214052200317383,1.0,32.0,16.0,5.0,5.009581032429544,2.6502907276153564,16.815000534057617,9.26049518585205,1.0,32.0,17.0,7.0,5.091597095553304,2.6810243129730225,16.990999221801758,9.238015174865723,1.0,32.0,17.0,26.0,5.090261193932372,2.6957993507385254,500,15,1e-09,0.001,64,99999,0.005,10.0,False,True,mlp-diff-task-sizes-regression.csv,mse,36,2.624260009474056,5.5938907861709595,5.195024013519287,1.7427425384521484,1.3108363151550293,8.341804504394531,0.13817335665225983,0.9391262225545426,5.2871168702840805
mlp,1,8,5853,64,-100,100,cardinality,True,10000,1000,1000,32.265098571777344,18.43034553527832,1.0,64.0,32.0,10.0,6.0251414838724715,3.263730049133301,33.154998779296875,18.48537254333496,1.0,64.0,33.0,14.0,6.2453861581325025,3.299808979034424,33.46099853515625,18.469392776489258,1.0,64.0,34.0,41.0,6.2349481075525786,3.3115434646606445,500,15,1e-09,0.001,64,99999,0.005,10.0,False,True,mlp-diff-task-sizes-regression.csv,mse,44,4.983231611312575,14.912210941314697,15.633553504943848,2.8938887119293213,2.110025644302368,20.64822006225586,0.12068582326173782,0.954169724947523,15.695735096931458
mlp,1,8,9053,128,-100,100,cardinality,True,10000,1000,1000,64.02490234375,36.865333557128906,1.0,128.0,64.0,44.0,7.062822055722148,3.9093000888824463,65.802001953125,36.94651412963867,1.0,128.0,66.0,27.0,7.6199146550357915,3.9482314586639404,66.40299987792969,36.93421936035156,1.0,128.0,68.0,101.0,7.600247812846391,3.958667516708374,500,15,1e-09,0.001,64,99999,0.005,10.0,False,True,mlp-diff-task-sizes-regression.csv,mse,31,9.64732673669317,69.37383341789246,69.49351501464844,5.933926105499268,4.065500259399414,35.166229248046875,0.11323203891515732,0.9490567776718579,69.27230501174927
mlp,1,8,15453,256,-100,100,cardinality,True,10000,1000,1000,127.55570220947266,73.73180389404297,1.0,256.0,127.0,188.0,8.151456294768558,4.57519006729126,131.09300231933594,73.89146423339844,1.0,256.0,131.5,31.0,9.454552611535316,4.614556312561035,132.3000030517578,73.88447570800781,1.0,256.0,135.0,201.0,9.310321836011234,4.62540864944458,500,15,1e-09,0.001,64,99999,0.005,10.0,False,True,mlp-diff-task-sizes-regression.csv,mse,25,25.805277775806985,301.9253396987915,312.40423583984375,12.441156387329102,8.574478149414062,93.65682983398438,0.11348123103380203,0.9427717408336916,316.07019805908203
mlp,1,8,28253,512,-100,100,cardinality,True,10000,1000,1000,254.6179962158203,147.46484375,1.0,512.0,253.0,173.0,9.34976306947468,5.252865791320801,261.7070007324219,147.7542724609375,1.0,512.0,262.5,332.0,11.710504020119318,5.292989253997803,264.0740051269531,147.7461700439453,1.0,512.0,270.0,48.0,11.567308042349941,5.302632808685303,500,15,1e-09,0.001,64,99999,0.005,10.0,False,True,mlp-diff-task-sizes-regression.csv,mse,25,164.53143798925313,2025.349380493164,1929.083740234375,29.802915573120117,18.385162353515625,225.96817016601562,0.12738695740699768,0.9116272067490222,1912.3186569213867
mlp,1,8,53853,1024,-100,100,cardinality,True,10000,1000,1000,508.7373962402344,294.9232482910156,1.0,1024.0,505.0,163.0,10.801696278016886,5.937529563903809,522.89697265625,295.521484375,1.0,1024.0,524.5,452.0,13.987717301361958,5.9778828620910645,527.6500244140625,295.496337890625,1.0,1024.0,539.0,657.0,13.788865418292854,5.986629486083984,500,15,1e-09,0.001,64,99999,0.005,10.0,False,True,mlp-diff-task-sizes-regression.csv,mse,22,1135.4833962993257,15837.34423828125,15845.3046875,84.76937866210938,49.03497314453125,554.6216430664062,0.17422893643379211,0.8185335371626212,15948.033081054688
