type,data_dim,laten_dim,n_params,max_set_size,min_value,max_value,label,multisets,train_samples,valid_samples,test_samples,train_label_mean,train_label_std,train_label_min,train_label_max,train_label_median,train_label_mode,train_label_entropy,train_delta,valid_label_mean,valid_label_std,valid_label_min,valid_label_max,valid_label_median,valid_label_mode,valid_label_entropy,valid_delta,test_label_mean,test_label_std,test_label_min,test_label_max,test_label_median,test_label_mode,test_label_entropy,test_delta,max_epochs,patience,min_delta,lr,batch_size,random_seed,weight_decay,grad_norm_threshold,use_batch_sampler,use_gpu,results_out,loss,epochs,avg_train_loss,best_valid_loss,test_accuracy,test_balanced_accuracy,test_f1_weighted,test_precision,test_recall,avg_test_loss
mlp,1,8,13253,8,-100,100,mode,True,10000,1000,1000,119.7436,42.501897122834414,0,200,121.0,102,7.15142217056767,1.5935304164886475,119.326,43.484545806527635,2,200,122.0,107,7.997574851326865,1.5713962316513062,121.536,41.922460614806475,0,200,123.0,109,8.010913978734623,1.5809353590011597,500,15,1e-09,0.001,64,9,0.005,10.0,False,True,mlp-diff-task-sizes-classification.csv,ce,30,3.732814428862329,4.6452876329422,0.027,0.03133866838746518,0.02384286622086532,0.031214250585912658,0.027,4.716790199279785
mlp,1,8,13653,16,-100,100,mode,True,10000,1000,1000,116.0295,39.841521428655305,0,200,115.0,101,6.986846217661313,2.086803913116455,114.986,39.542885630666866,0,200,115.0,101,7.850758951214552,2.0597832202911377,116.575,39.92112692547644,0,200,115.0,101,7.952319540265149,2.063805103302002,500,15,1e-09,0.001,64,9,0.005,10.0,False,True,mlp-diff-task-sizes-classification.csv,ce,21,3.606328602274337,5.11337885260582,0.008,0.009795102448775614,0.006293553912321389,0.008657161575321952,0.008,5.1415756940841675
mlp,1,8,14453,32,-100,100,mode,True,10000,1000,1000,112.8575,43.990364783097675,0,200,113.0,101,7.159187897178912,2.649203062057495,113.18,45.9803175282642,0,200,113.0,102,8.06962547433255,2.618053913116455,112.204,43.69510709450201,0,200,113.0,106,8.024708978975802,2.6180479526519775,500,15,1e-09,0.001,64,9,0.005,10.0,False,True,mlp-diff-task-sizes-classification.csv,ce,16,3.965771718639299,5.356264293193817,0.005,0.007253163503163503,0.003793577075098814,0.00513718487394958,0.005,5.343162506818771
mlp,1,8,16053,64,-100,100,mode,True,10000,1000,1000,114.3821,46.0220762198969,0,200,116.0,101,7.271298927111046,3.2619073390960693,116.416,44.38780174777751,0,200,116.0,102,8.146939000178348,3.2282028198242188,113.803,47.067379266324146,0,200,115.0,105,8.243689537899268,3.222740888595581,500,15,1e-09,0.001,64,9,0.005,10.0,False,True,mlp-diff-task-sizes-classification.csv,ce,16,3.73098172413266,5.346978455781937,0.003,0.0031431334622823988,0.0016613199665831244,0.001818107888316617,0.003,5.37829914689064
mlp,1,8,19253,128,-100,100,mode,True,10000,1000,1000,113.3551,48.416530276239335,0,200,116.0,101,7.419879908181046,3.906660556793213,112.126,49.366629660125675,0,200,115.0,102,8.260311612164152,3.873002052307129,112.956,50.65044979069781,0,200,116.0,101,8.397051040166469,3.8627851009368896,500,15,1e-09,0.001,64,9,0.005,10.0,False,True,mlp-diff-task-sizes-classification.csv,ce,16,3.53113687648824,5.412910968065262,0.003,0.006476683937823834,0.0013450834879406308,0.0011888888888888889,0.003,5.423148512840271
mlp,1,8,25653,256,-100,100,mode,True,10000,1000,1000,113.0303,50.58560251603217,0,200,118.0,102,7.499550314331362,4.571545124053955,111.654,51.17384374854013,0,200,117.0,105,8.460190745848461,4.538384914398193,114.506,50.13988396476402,0,200,118.0,101,8.41186311034047,4.524194240570068,500,15,1e-09,0.001,64,9,0.005,10.0,False,True,mlp-diff-task-sizes-classification.csv,ce,15,3.0691885164446315,5.445447593927383,0.003,0.002951388888888889,0.002698039215686274,0.008113636363636363,0.003,5.423699855804443
mlp,1,8,38453,512,-100,100,mode,True,10000,1000,1000,111.6673,52.693967498282,0,200,118.0,107,7.588350333264448,5.248648166656494,111.231,51.36153851862306,0,200,117.0,102,8.543282237210908,5.216047763824463,112.787,52.19219894773548,0,200,117.0,108,8.49937663356377,5.19927453994751,500,15,1e-09,0.001,64,9,0.005,10.0,False,True,mlp-diff-task-sizes-classification.csv,ce,15,2.500045087191416,5.413806259632111,0.005,0.006229953121144831,0.004777272727272727,0.0064958333333333335,0.005,5.396215617656708
mlp,1,8,64053,1024,-100,100,mode,True,10000,1000,1000,109.684,54.33625625675733,0,200,116.0,109,7.648197157979843,5.932857990264893,111.564,53.572604043484766,0,200,119.0,104,8.620047049278453,5.900405406951904,107.862,55.29172592712223,0,200,115.5,101,8.647021268311033,5.8831610679626465,500,15,1e-09,0.001,64,9,0.005,10.0,False,True,mlp-diff-task-sizes-classification.csv,ce,15,1.6208863631462052,5.403938353061676,0.003,0.00242526790750141,0.002837362637362637,0.0029126984126984124,0.003,5.40504577755928
mlp,1,8,3104,8,-100,100,contains_even,True,10000,1000,1000,0.4488,0.4973716517856642,0,1,0.0,0,0.9923358010303415,1.5979773998260498,0.401,0.49010100999691897,0,1,0.0,0,0.9707018590799534,1.5713353157043457,0.433,0.4954906659060289,0,1,0.0,0,0.9861462544718478,1.5927056074142456,500,15,1e-09,0.001,64,9,0.005,10.0,False,True,mlp-diff-task-sizes-classification.csv,ce,31,0.6714607101634367,0.6745297573506832,0.576,0.5469612359527679,0.5550569276121847,0.5631069101367646,0.576,0.6799488961696625
mlp,1,8,3504,16,-100,100,contains_even,True,10000,1000,1000,0.4815,0.49965763278468994,0,1,0.0,0,0.9989238795413682,2.0916099548339844,0.439,0.4962650501496151,0,1,0.0,0,0.9883699873164006,2.0607759952545166,0.465,0.4987734956871706,0,1,0.0,0,0.9955813037371506,2.085789442062378,500,15,1e-09,0.001,64,9,0.005,10.0,False,True,mlp-diff-task-sizes-classification.csv,ce,28,0.6248991909147152,0.6899010129272938,0.517,0.5051251130539645,0.5030465826352462,0.5080793758480325,0.517,0.7068771831691265
mlp,1,8,4304,32,-100,100,contains_even,True,10000,1000,1000,0.4942,0.49996635886827423,0,1,0.0,0,0.9998143848508712,2.654923439025879,0.446,0.49707544698969,0,1,0.0,0,0.9906983882756732,2.618743419647217,0.48,0.49959983987187184,0,1,0.0,0,0.9979595679909182,2.647390604019165,500,15,1e-09,0.001,64,9,0.005,10.0,False,True,mlp-diff-task-sizes-classification.csv,ce,21,0.5906723471087513,0.7073484286665916,0.521,0.5172275641025641,0.5168132553013606,0.5185085589791472,0.521,0.712550051510334
mlp,1,8,5904,64,-100,100,contains_even,True,10000,1000,1000,0.5027,0.4999927099468552,0,1,1.0,1,0.9998904017500386,3.267610788345337,0.455,0.49797088268291345,0,1,0.0,0,0.9932726078300496,3.2280807495117188,0.484,0.499743934430424,0,1,0.0,0,0.9983744155974623,3.2601640224456787,500,15,1e-09,0.001,64,9,0.005,10.0,False,True,mlp-diff-task-sizes-classification.csv,ce,16,0.492109731200854,0.723527904599905,0.499,0.49601992440258824,0.4947445479744849,0.4964180301718244,0.499,0.7441989034414291
mlp,1,8,9104,128,-100,100,contains_even,True,10000,1000,1000,0.5067,0.49995510798470705,0,1,1.0,1,0.9997819290047163,3.9122512340545654,0.454,0.49787950349457055,0,1,0.0,0,0.9930098372997261,3.870725631713867,0.484,0.499743934430424,0,1,0.0,0,0.9983744155974623,3.903857946395874,500,15,1e-09,0.001,64,9,0.005,10.0,False,True,mlp-diff-task-sizes-classification.csv,ce,16,0.31604656929286246,0.7226541861891747,0.495,0.49605195720417705,0.49457921339267047,0.4965423786011868,0.495,0.7485613748431206
mlp,1,8,15504,256,-100,100,contains_even,True,10000,1000,1000,0.5073,0.49994670715987316,0,1,1.0,1,0.9997576949888691,4.576894760131836,0.459,0.498316164698678,0,1,0.0,0,0.9942656493832003,4.533544063568115,0.485,0.49977494935220584,0,1,0.0,0,0.9984637126806026,4.5673980712890625,500,15,1e-09,0.001,64,9,0.005,10.0,False,True,mlp-diff-task-sizes-classification.csv,ce,16,0.15676535913862302,0.742334209382534,0.521,0.5175958362526274,0.5147791701708124,0.5188671499215203,0.521,0.7486318349838257
mlp,1,8,28304,512,-100,100,contains_even,True,10000,1000,1000,0.5085,0.499927744779183,0,1,1.0,1,0.9997029943555708,5.253628253936768,0.46,0.49839743177508444,0,1,0.0,0,0.9944994096431793,5.209855556488037,0.487,0.49983097142934235,0,1,0.0,0,0.9986250142150694,5.243078708648682,500,15,1e-09,0.001,64,9,0.005,10.0,False,True,mlp-diff-task-sizes-classification.csv,ce,16,0.21487071016329362,0.8139013722538948,0.505,0.5050033822864257,0.5050836691400847,0.505338,0.505,0.809963371604681
mlp,1,8,53904,1024,-100,100,contains_even,True,10000,1000,1000,0.5091,0.4999171831413679,0,1,1.0,1,0.9996725275805787,5.937697887420654,0.461,0.498476679494638,0,1,0.0,0,0.9947273736897438,5.8932366371154785,0.489,0.4998789853554558,0,1,0.0,0,0.9987632631201516,5.9266037940979,500,15,1e-09,0.001,64,9,0.005,10.0,False,True,mlp-diff-task-sizes-classification.csv,ce,15,0.17748587074505384,0.8053311035037041,0.515,0.5143029226145455,0.5145612337211503,0.5145765856950067,0.515,0.7891406528651714
mlp,1,8,13253,8,-100,100,mode,True,10000,1000,1000,119.9952,42.616132825022966,0,200,122.0,102,7.141961307484107,1.6007636785507202,118.128,43.00369305071368,0,200,119.0,102,7.989194475325093,1.6070263385772705,118.188,43.10859144068616,0,200,120.0,104,8.019004451163159,1.6034399271011353,500,15,1e-09,0.001,64,99,0.005,10.0,False,True,mlp-diff-task-sizes-classification.csv,ce,29,3.7968788768069577,4.62698158621788,0.023,0.01730968482659162,0.016021203427036747,0.03177545208414774,0.023,4.621751934289932
mlp,1,8,13653,16,-100,100,mode,True,10000,1000,1000,115.4967,39.29116680769356,0,200,115.0,102,6.93801484477651,2.096096992492676,115.219,40.364254471004415,0,199,115.0,106,7.842121279309284,2.1014459133148193,117.636,38.33055574864523,0,200,116.0,103,7.905023151288646,2.0974459648132324,500,15,1e-09,0.001,64,99,0.005,10.0,False,True,mlp-diff-task-sizes-classification.csv,ce,19,3.6909966424286966,5.148047149181366,0.007,0.015324228145902665,0.0065804375804375806,0.009953252032520322,0.007,5.1232254803180695
mlp,1,8,14453,32,-100,100,mode,True,10000,1000,1000,112.8781,44.1583428175243,0,200,113.0,102,7.181580466204713,2.6601147651672363,112.407,45.350913452762995,0,200,113.0,102,7.9925861463547925,2.666325569152832,111.125,44.97587547786035,0,200,112.0,104,8.060737815085533,2.664741277694702,500,15,1e-09,0.001,64,99,0.005,10.0,False,True,mlp-diff-task-sizes-classification.csv,ce,19,3.8584247959668523,5.323238968849182,0.006,0.004922412531108184,0.006985209235209237,0.012025,0.006,5.32648891210556
mlp,1,8,16053,64,-100,100,mode,True,10000,1000,1000,114.8212,46.537999855601875,0,200,116.5,101,7.30838162492396,3.274092674255371,110.446,47.15793765634795,0,200,115.0,103,8.238716741710544,3.2827086448669434,114.422,44.322589229421155,0,200,115.5,103,8.133012455455837,3.2797882556915283,500,15,1e-09,0.001,64,99,0.005,10.0,False,True,mlp-diff-task-sizes-classification.csv,ce,16,3.805255344788047,5.382661283016205,0.004,0.012544802867383511,0.0010052532833020637,0.0006190651453809349,0.004,5.3949083387851715
mlp,1,8,19253,128,-100,100,mode,True,10000,1000,1000,112.7385,48.8454493044132,0,200,116.0,102,7.408094859505291,3.919740676879883,113.671,48.71066370929471,0,200,115.0,101,8.348340331721387,3.9290590286254883,112.789,48.59346127824195,0,200,115.0,106,8.329985739260012,3.9267334938049316,500,15,1e-09,0.001,64,99,0.005,10.0,False,True,mlp-diff-task-sizes-classification.csv,ce,16,3.5501682406381976,5.430222421884537,0.003,0.0025709219858156026,0.004517857142857143,0.01933333333333333,0.003,5.412478357553482
mlp,1,8,25653,256,-100,100,mode,True,10000,1000,1000,112.5426,51.05134851539183,0,200,117.0,102,7.522458961142519,4.585209369659424,109.775,51.561345744656435,0,200,117.0,101,8.462723408976789,4.595020294189453,111.91,49.95517891069953,0,200,115.0,101,8.456443181242909,4.592075824737549,500,15,1e-09,0.001,64,99,0.005,10.0,False,True,mlp-diff-task-sizes-classification.csv,ce,15,3.1715233947396455,5.422940105199814,0.001,0.0008635578583765112,0.0010909090909090907,0.0012000000000000001,0.001,5.428257435560226
mlp,1,8,38453,512,-100,100,mode,True,10000,1000,1000,111.0085,52.973863628680135,0,200,117.0,101,7.586884530514437,5.26270055770874,110.213,52.119762384339396,0,200,117.5,108,8.536601845340524,5.272765636444092,112.366,53.59861979566265,0,200,118.5,102,8.616079932433728,5.270244598388672,500,15,1e-09,0.001,64,99,0.005,10.0,False,True,mlp-diff-task-sizes-classification.csv,ce,15,2.458909975147542,5.379255175590515,0.008,0.010484657720838626,0.006589778413307826,0.010296522366522365,0.008,5.381493479013443
mlp,1,8,64053,1024,-100,100,mode,True,10000,1000,1000,109.5875,54.62546973482242,0,200,116.0,104,7.652395678953686,5.946806907653809,106.983,53.58248511407436,0,200,114.0,108,8.65366103172152,5.957937240600586,107.365,54.21128826176334,0,200,115.0,125,8.621776709789302,5.954519748687744,500,15,1e-09,0.001,64,99,0.005,10.0,False,True,mlp-diff-task-sizes-classification.csv,ce,15,1.6322539599244856,5.424943178892136,0.001,0.00046382189239332097,0.0010999999999999998,0.0012222222222222222,0.001,5.430967539548874
mlp,1,8,3104,8,-100,100,contains_even,True,10000,1000,1000,0.4306,0.49516021649563086,0,1,0.0,0,0.9859721910594683,1.5940666198730469,0.44,0.4963869458396343,0,1,0.0,0,0.9887201314390118,1.599164605140686,0.438,0.49614110895994107,0,1,0.0,0,0.9880139972642197,1.5947586297988892,500,15,1e-09,0.001,64,99,0.005,10.0,False,True,mlp-diff-task-sizes-classification.csv,ce,38,0.6677630742844085,0.6828301399946213,0.543,0.522388241602886,0.53106760655329,0.531532142034601,0.543,0.678800456225872
mlp,1,8,3504,16,-100,100,contains_even,True,10000,1000,1000,0.4637,0.49868056910210556,0,1,0.0,0,0.996106797740983,2.0868184566497803,0.463,0.49862912068991716,0,1,0.0,0,0.995165920436754,2.0923960208892822,0.476,0.49942366784124287,0,1,0.0,0,0.9974524241262026,2.0889389514923096,500,15,1e-09,0.001,64,99,0.005,10.0,False,True,mlp-diff-task-sizes-classification.csv,ce,23,0.652897303134513,0.6850450970232487,0.511,0.5014513438963372,0.4909181233563899,0.5028396712912133,0.511,0.6973121650516987
mlp,1,8,4304,32,-100,100,contains_even,True,10000,1000,1000,0.4783,0.49952888805353385,0,1,0.0,0,0.9985525758920393,2.6498355865478516,0.48,0.49959983987187184,0,1,0.0,0,0.9979595679909182,2.6514930725097656,0.487,0.49983097142934235,0,1,0.0,0,0.9986250142150694,2.6505205631256104,500,15,1e-09,0.001,64,99,0.005,10.0,False,True,mlp-diff-task-sizes-classification.csv,ce,22,0.5733027564911157,0.7081390656530857,0.497,0.4934075434994056,0.4872843484285187,0.49325794523632205,0.497,0.7203409150242805
mlp,1,8,5904,64,-100,100,contains_even,True,10000,1000,1000,0.4866,0.49982040774662256,0,1,0.0,0,0.9993933730954585,3.2634477615356445,0.486,0.4998039615689336,0,1,0.0,0,0.9985472453309616,3.262950897216797,0.496,0.4999839997439918,0,1,0.0,0,0.9990656518671805,3.26251220703125,500,15,1e-09,0.001,64,99,0.005,10.0,False,True,mlp-diff-task-sizes-classification.csv,ce,18,0.4807087864131084,0.7289207056164742,0.486,0.486255120327701,0.48548148148148146,0.4862244071717756,0.486,0.7373392693698406
mlp,1,8,9104,128,-100,100,contains_even,True,10000,1000,1000,0.4906,0.49991163219113044,0,1,0.0,0,0.999656515041087,3.909062147140503,0.489,0.49987898535545583,0,1,0.0,0,0.9987632631201516,3.9083497524261475,0.494,0.4999639987039066,0,1,0.0,0,0.9990080572620664,3.9059760570526123,500,15,1e-09,0.001,64,99,0.005,10.0,False,True,mlp-diff-task-sizes-classification.csv,ce,17,0.3074989790973238,0.732779536396265,0.503,0.5032524683554431,0.5027986697006827,0.5033313885694365,0.503,0.7321816347539425
mlp,1,8,15504,256,-100,100,contains_even,True,10000,1000,1000,0.4918,0.49993275547817423,0,1,0.0,0,0.9997174486130099,4.574507713317871,0.493,0.49995099759876466,0,1,0.0,0,0.9989706199483201,4.5721259117126465,0.498,0.4999959999839998,0,1,0.0,0,0.9991002078959381,4.571247577667236,500,15,1e-09,0.001,64,99,0.005,10.0,False,True,mlp-diff-task-sizes-classification.csv,ce,15,0.1816007749977673,0.7425387762486935,0.501,0.5009800156802509,0.5009895204865038,0.5009880588058806,0.501,0.7450966536998749
mlp,1,8,28304,512,-100,100,contains_even,True,10000,1000,1000,0.4932,0.49995375786166457,0,1,0.0,0,0.9997780342704705,5.252198219299316,0.493,0.49995099759876466,0,1,0.0,0,0.9989706199483201,5.247480392456055,0.499,0.499998999999,0,1,0.0,0,0.9991088468170801,5.247703552246094,500,15,1e-09,0.001,64,99,0.005,10.0,False,True,mlp-diff-task-sizes-classification.csv,ce,15,0.16282512933243076,0.7819622382521629,0.499,0.499003996015984,0.49899849699849697,0.49900597609561753,0.499,0.7891270481050014
mlp,1,8,53904,1024,-100,100,contains_even,True,10000,1000,1000,0.4937,0.4999603084245788,0,1,0.0,0,0.9997969308785415,5.936498641967773,0.493,0.49995099759876466,0,1,0.0,0,0.9989706199483201,5.930354118347168,0.5,0.5,0,1,0.5,0,0.9991117264498124,5.93217658996582,500,15,1e-09,0.001,64,99,0.005,10.0,False,True,mlp-diff-task-sizes-classification.csv,ce,15,0.08367649700146032,0.776550117880106,0.499,0.499,0.4978908408674763,0.4989910852290842,0.499,0.7840954475104809
mlp,1,8,13253,8,-100,100,mode,True,10000,1000,1000,120.1032,42.75069063488917,0,200,121.0,103,7.161220696173384,1.5925837755203247,120.459,42.22769611285939,0,200,122.0,102,7.929163900977169,1.5986740589141846,121.719,41.31711556970065,0,200,122.0,104,7.967215456402102,1.58424711227417,500,15,1e-09,0.001,64,999,0.005,10.0,False,True,mlp-diff-task-sizes-classification.csv,ce,25,3.9312925329738087,4.636232107877731,0.013,0.017601844712431876,0.007500837939784777,0.006494291464521966,0.013,4.646221876144409
mlp,1,8,13653,16,-100,100,mode,True,10000,1000,1000,115.4972,39.31495379826867,0,200,115.0,102,6.949414921246175,2.0844385623931885,117.782,38.78224433938809,0,200,116.0,101,7.807766169160834,2.0934879779815674,114.843,40.092522382608955,1,200,114.0,104,7.811508102691493,2.0792086124420166,500,15,1e-09,0.001,64,999,0.005,10.0,False,True,mlp-diff-task-sizes-classification.csv,ce,18,3.779988293148256,5.167592644691467,0.01,0.010780479683827865,0.009617938554924162,0.013028654188948307,0.01,5.203100919723511
mlp,1,8,14453,32,-100,100,mode,True,10000,1000,1000,113.148,44.7469227545314,0,200,113.0,101,7.171372345299011,2.64734148979187,111.92,44.400918909409974,0,199,113.0,101,8.136629587170486,2.655341386795044,114.091,41.76686149329394,0,200,112.0,104,8.099471028471942,2.6367149353027344,500,15,1e-09,0.001,64,999,0.005,10.0,False,True,mlp-diff-task-sizes-classification.csv,ce,16,3.9545586729987745,5.3826457262039185,0.004,0.005959416863672182,0.003541176470588235,0.005404761904761904,0.004,5.3942893743515015
mlp,1,8,16053,64,-100,100,mode,True,10000,1000,1000,114.0579,46.19104185434661,0,200,116.0,101,7.293545871058045,3.2595133781433105,114.097,45.39805712803137,0,200,117.0,102,8.158359497354969,3.2679433822631836,114.716,45.49755316497801,0,200,116.0,101,8.212720404675341,3.2493245601654053,500,15,1e-09,0.001,64,999,0.005,10.0,False,True,mlp-diff-task-sizes-classification.csv,ce,16,3.8387494241218216,5.3998139798641205,0.002,0.0031746031746031746,0.001982905982905983,0.0036190476190476185,0.002,5.375692129135132
mlp,1,8,19253,128,-100,100,mode,True,10000,1000,1000,113.8979,48.561536997813405,0,200,117.0,101,7.416780601879811,3.9042789936065674,113.177,48.38939626612426,0,200,117.0,107,8.439936627015504,3.9142637252807617,113.428,47.563061465805575,0,200,116.0,104,8.318460060850299,3.893270492553711,500,15,1e-09,0.001,64,999,0.005,10.0,False,True,mlp-diff-task-sizes-classification.csv,ce,16,3.535447829595329,5.446042358875275,0.005,0.005952380952380952,0.004158280542986425,0.007572843822843822,0.005,5.4210153222084045
mlp,1,8,25653,256,-100,100,mode,True,10000,1000,1000,111.7463,51.005348114781064,0,200,117.0,103,7.5261193135830196,4.569217205047607,112.377,50.62660240426963,0,200,117.5,105,8.434234224179999,4.5792436599731445,111.277,50.09095997283342,0,200,117.0,102,8.502624163594174,4.557127475738525,500,15,1e-09,0.001,64,999,0.005,10.0,False,True,mlp-diff-task-sizes-classification.csv,ce,15,3.1946074853511184,5.394194185733795,0.002,0.0016483516483516481,0.001623529411764706,0.0013666666666666666,0.002,5.406644135713577
mlp,1,8,38453,512,-100,100,mode,True,10000,1000,1000,111.3964,52.47523479737847,0,200,118.0,105,7.591274005871844,5.2461652755737305,111.623,52.38970195563247,0,200,118.0,109,8.53820326521869,5.256960391998291,113.698,51.413780215035736,0,200,118.0,112,8.57302018042893,5.234511375427246,500,15,1e-09,0.001,64,999,0.005,10.0,False,True,mlp-diff-task-sizes-classification.csv,ce,15,2.5180105262942662,5.41548752784729,0.004,0.005491422158088824,0.0029953846153846155,0.010102891156462585,0.004,5.404850214719772
mlp,1,8,64053,1024,-100,100,mode,True,10000,1000,1000,109.3081,54.38824665669965,0,200,116.0,103,7.652325653983854,5.930337429046631,106.829,54.613402741451665,0,200,115.0,102,8.58124780895828,5.941123962402344,109.914,55.266306227212254,0,200,118.0,107,8.66362552648485,5.918388366699219,500,15,1e-09,0.001,64,999,0.005,10.0,False,True,mlp-diff-task-sizes-classification.csv,ce,15,1.6346850034173683,5.4097451865673065,0.004,0.005025125628140704,0.002250632911392405,0.0019426406926406924,0.004,5.384988218545914
mlp,1,8,3104,8,-100,100,contains_even,True,10000,1000,1000,0.4425,0.4966827458247367,0,1,0.0,0,0.9903523921035988,1.5939745903015137,0.434,0.49562485813364937,0,1,0.0,0,0.9865315188189681,1.6027216911315918,0.432,0.4953544185732071,0,1,0.0,0,0.9857551259822941,1.6301544904708862,500,15,1e-09,0.001,64,999,0.005,10.0,False,True,mlp-diff-task-sizes-classification.csv,ce,36,0.6695501866101371,0.6889992356300354,0.543,0.5181761867501304,0.5285472360311156,0.5288775808133472,0.543,0.692140806466341
mlp,1,8,3504,16,-100,100,contains_even,True,10000,1000,1000,0.476,0.49942366784124287,0,1,0.0,0,0.998249141375555,2.0866291522979736,0.455,0.49797088268291345,0,1,0.0,0,0.9932726078300496,2.0954275131225586,0.465,0.49877349568717055,0,1,0.0,0,0.9955813037371506,2.1275436878204346,500,15,1e-09,0.001,64,999,0.005,10.0,False,True,mlp-diff-task-sizes-classification.csv,ce,18,0.6533635379726552,0.7044631950557232,0.523,0.5135463772485177,0.5145135816407574,0.5167298189232151,0.523,0.7127090394496918
mlp,1,8,4304,32,-100,100,contains_even,True,10000,1000,1000,0.4901,0.4999019803921564,0,1,0.0,0,0.9996286731362621,2.6492416858673096,0.47,0.49909918853871116,0,1,0.0,0,0.9965185076867847,2.661400318145752,0.487,0.49983097142934235,0,1,0.0,0,0.9986250142150694,2.6972789764404297,500,15,1e-09,0.001,64,999,0.005,10.0,False,True,mlp-diff-task-sizes-classification.csv,ce,17,0.5969383135663682,0.7054915651679039,0.508,0.504857283523662,0.5007495875948531,0.5054615119880693,0.508,0.7131387516856194
mlp,1,8,5904,64,-100,100,contains_even,True,10000,1000,1000,0.5006,0.4999996399998704,0,1,1.0,1,0.9999103936068727,3.2615954875946045,0.486,0.4998039615689336,0,1,0.0,0,0.9985472453309616,3.27565336227417,0.492,0.49993599590347565,0,1,0.0,0,0.998927422244572,3.3103744983673096,500,15,1e-09,0.001,64,999,0.005,10.0,False,True,mlp-diff-task-sizes-classification.csv,ce,21,0.42561879341035125,0.7434690892696381,0.534,0.531704116253761,0.5241390199161426,0.5345315095261358,0.534,0.7414324656128883
mlp,1,8,9104,128,-100,100,contains_even,True,10000,1000,1000,0.5033,0.4999891098814053,0,1,1.0,1,0.9998800162969871,3.9067225456237793,0.488,0.49985597925802594,0,1,0.0,0,0.9986970199533501,3.9229912757873535,0.498,0.4999959999839998,0,1,0.0,0,0.9991002078959381,3.955836296081543,500,15,1e-09,0.001,64,999,0.005,10.0,False,True,mlp-diff-task-sizes-classification.csv,ce,17,0.30995490344270055,0.7671072818338871,0.497,0.49755596089537435,0.48709769259226426,0.4973563523337625,0.497,0.7768162190914154
mlp,1,8,15504,256,-100,100,contains_even,True,10000,1000,1000,0.5053,0.49997190921090756,0,1,1.0,1,0.9998303962223622,4.571359157562256,0.49,0.4998999899979995,0,1,0.0,0,0.9988237442437724,4.589024543762207,0.498,0.4999959999839998,0,1,0.0,0,0.9991002078959381,4.620445728302002,500,15,1e-09,0.001,64,999,0.005,10.0,False,True,mlp-diff-task-sizes-classification.csv,ce,15,0.20545139711987595,0.740004014223814,0.521,0.520812332997328,0.5199412629723967,0.5209976391394362,0.521,0.7330779694020748
mlp,1,8,28304,512,-100,100,contains_even,True,10000,1000,1000,0.5064,0.4999590383221409,0,1,1.0,1,0.9997932669689543,5.248509407043457,0.49,0.4998999899979995,0,1,0.0,0,0.9988237442437724,5.266083240509033,0.498,0.4999959999839998,0,1,0.0,0,0.9991002078959381,5.297705173492432,500,15,1e-09,0.001,64,999,0.005,10.0,False,True,mlp-diff-task-sizes-classification.csv,ce,15,0.1232420039567363,0.7757667042315006,0.522,0.5218803500856013,0.5215712729835352,0.5219617824167001,0.522,0.7568884640932083
mlp,1,8,53904,1024,-100,100,contains_even,True,10000,1000,1000,0.5069,0.49995238773307205,0,1,1.0,1,0.9997740818292927,5.932654857635498,0.49,0.4998999899979995,0,1,0.0,0,0.9988237442437724,5.950839519500732,0.499,0.499998999999,0,1,0.0,0,0.9991088468170801,5.981385231018066,500,15,1e-09,0.001,64,999,0.005,10.0,False,True,mlp-diff-task-sizes-classification.csv,ce,15,0.13988283169737062,0.7763113640248775,0.494,0.4936739746958988,0.48018502441671196,0.4929283671469044,0.494,0.7990619018673897
mlp,1,8,13253,8,-100,100,mode,True,10000,1000,1000,120.2942,42.808801038571495,0,200,122.0,101,7.148315171231654,1.5997881889343262,119.592,41.9263584872333,0,199,121.0,104,7.944541709821268,1.594311237335205,119.215,42.31199327613862,0,200,120.0,106,8.05291767372144,1.567077875137329,500,15,1e-09,0.001,64,9999,0.005,10.0,False,True,mlp-diff-task-sizes-classification.csv,ce,32,3.8391025979439966,4.665049701929092,0.032,0.02060721669905842,0.022866005135894978,0.022112793347003876,0.032,4.706581175327301
mlp,1,8,13653,16,-100,100,mode,True,10000,1000,1000,116.0198,39.10662102457843,0,200,115.0,101,6.98256880158221,2.0936684608459473,117.942,40.45413002401609,0,200,117.0,106,7.822646719659803,2.084343671798706,115.223,40.393356768161766,0,200,115.0,104,7.758702798638424,2.0506536960601807,500,15,1e-09,0.001,64,9999,0.005,10.0,False,True,mlp-diff-task-sizes-classification.csv,ce,20,3.6874793782972817,5.197236359119415,0.004,0.004546957671957672,0.003874713521772345,0.009095238095238095,0.004,5.133374989032745
mlp,1,8,14453,32,-100,100,mode,True,10000,1000,1000,112.6981,44.28363305319473,0,200,113.0,102,7.1936967294032055,2.6590332984924316,114.352,45.0060451050745,0,200,114.0,102,8.052958654593887,2.645707130432129,111.529,45.73070258589956,0,200,112.0,102,8.24279604467804,2.6042444705963135,500,15,1e-09,0.001,64,9999,0.005,10.0,False,True,mlp-diff-task-sizes-classification.csv,ce,16,4.004133231073675,5.354621648788452,0.007,0.006232009211283822,0.006669736842105263,0.02506666666666667,0.007,5.358191400766373
mlp,1,8,16053,64,-100,100,mode,True,10000,1000,1000,114.8481,46.030939881670896,0,200,116.0,102,7.287928793913065,3.272526979446411,114.143,46.990026080009784,0,200,116.0,106,8.276783216865047,3.259382724761963,113.628,45.60635499576786,0,200,115.0,104,8.24742870519233,3.2113852500915527,500,15,1e-09,0.001,64,9999,0.005,10.0,False,True,mlp-diff-task-sizes-classification.csv,ce,16,3.7988004392354195,5.400040566921234,0.002,0.006510416666666667,0.00024074074074074075,0.0001293706293706294,0.002,5.379918128252029
mlp,1,8,19253,128,-100,100,mode,True,10000,1000,1000,113.9619,48.570265064028625,0,200,117.0,101,7.410065879430755,3.9188179969787598,112.73,48.8670962918813,0,200,115.0,107,8.389701985704473,3.9052016735076904,114.592,47.02860338134655,0,200,117.0,102,8.310383255325782,3.8526508808135986,500,15,1e-09,0.001,64,9999,0.005,10.0,False,True,mlp-diff-task-sizes-classification.csv,ce,16,3.5469326596847006,5.389973372220993,0.004,0.0093859649122807,0.003650793650793651,0.014708333333333334,0.004,5.4163874089717865
mlp,1,8,25653,256,-100,100,mode,True,10000,1000,1000,112.6028,51.05498440074191,0,200,117.0,101,7.513943308838622,4.585146903991699,112.174,50.74622866775422,0,200,117.0,102,8.444540117506012,4.570905685424805,111.77,49.516614383457195,0,200,116.0,113,8.442212365239838,4.513640880584717,500,15,1e-09,0.001,64,9999,0.005,10.0,False,True,mlp-diff-task-sizes-classification.csv,ce,15,3.1180263477911363,5.418005019426346,0.004,0.008119658119658119,0.0018388591800356509,0.0018963048222667344,0.004,5.407660037279129
mlp,1,8,38453,512,-100,100,mode,True,10000,1000,1000,110.9828,52.76222990132241,0,200,117.0,102,7.592708449479309,5.262914657592773,113.358,50.993527393189815,0,200,119.0,113,8.495992310388685,5.2481865882873535,109.024,53.180366903585764,0,200,116.0,104,8.549060372101517,5.188929557800293,500,15,1e-09,0.001,64,9999,0.005,10.0,False,True,mlp-diff-task-sizes-classification.csv,ce,15,2.528903381071777,5.415883839130402,0.002,0.0035897435897435893,0.0007119565217391305,0.0005,0.002,5.413254022598267
mlp,1,8,64053,1024,-100,100,mode,True,10000,1000,1000,109.174,53.83443065548293,0,200,116.0,104,7.656222819832615,5.947558879852295,106.787,55.24776584623128,0,200,113.5,110,8.665093614840938,5.93290901184082,110.797,54.20564353459887,0,200,118.0,117,8.601729903820612,5.871810436248779,500,15,1e-09,0.001,64,9999,0.005,10.0,False,True,mlp-diff-task-sizes-classification.csv,ce,15,1.668116724614766,5.3696238696575165,0.004,0.007227891156462585,0.002,0.001650793650793651,0.004,5.410969942808151
mlp,1,8,3104,8,-100,100,contains_even,True,10000,1000,1000,0.4392,0.49628959287899627,0,1,0.0,0,0.989220889590696,1.597368597984314,0.444,0.4968541033341679,0,1,0.0,0,0.9900623050680903,1.6160959005355835,0.439,0.4962650501496151,0,1,0.0,0,0.9883699873164006,1.576018214225769,500,15,1e-09,0.001,64,9999,0.005,10.0,False,True,mlp-diff-task-sizes-classification.csv,ce,22,0.6738649156374634,0.6902964524924755,0.566,0.5443338652503867,0.5522628319637967,0.5556195389610689,0.566,0.6831273287534714
mlp,1,8,3504,16,-100,100,contains_even,True,10000,1000,1000,0.4667,0.49888987762831993,0,1,0.0,0,0.9967101236147051,2.0917410850524902,0.461,0.498476679494638,0,1,0.0,0,0.9947273736897438,2.1132020950317383,0.463,0.49862912068991716,0,1,0.0,0,0.995165920436754,2.0652897357940674,500,15,1e-09,0.001,64,9999,0.005,10.0,False,True,mlp-diff-task-sizes-classification.csv,ce,30,0.6249173613331249,0.699745524674654,0.55,0.5357658538154937,0.5325664569805195,0.5434780044816605,0.55,0.6952089481055737
mlp,1,8,4304,32,-100,100,contains_even,True,10000,1000,1000,0.4819,0.4996722826013065,0,1,0.0,0,0.9989661320734844,2.656099557876587,0.475,0.4993746088859544,0,1,0.0,0,0.997311209529079,2.6762874126434326,0.479,0.4995588053472784,0,1,0.0,0,0.9978414371298425,2.6261792182922363,500,15,1e-09,0.001,64,9999,0.005,10.0,False,True,mlp-diff-task-sizes-classification.csv,ce,21,0.5651588163619053,0.7091209031641483,0.515,0.510314194238637,0.5090243415781764,0.5116199211643421,0.515,0.71765011921525
mlp,1,8,5904,64,-100,100,contains_even,True,10000,1000,1000,0.4911,0.49992078372478177,0,1,0.0,0,0.9996829140293308,3.2697088718414307,0.488,0.49985597925802594,0,1,0.0,0,0.9986970199533501,3.2879586219787598,0.497,0.4999909999189985,0,1,0.0,0,0.999085809617549,3.2376599311828613,500,15,1e-09,0.001,64,9999,0.005,10.0,False,True,mlp-diff-task-sizes-classification.csv,ce,18,0.4788412334372857,0.7215319015085697,0.506,0.5055381993751775,0.5030566827697263,0.5056852882972578,0.506,0.729179386049509
mlp,1,8,9104,128,-100,100,contains_even,True,10000,1000,1000,0.4936,0.49995903832214084,0,1,0.0,0,0.9997932669689543,3.9161159992218018,0.488,0.49985597925802594,0,1,0.0,0,0.9986970199533501,3.9323031902313232,0.497,0.4999909999189985,0,1,0.0,0,0.999085809617549,3.881680727005005,500,15,1e-09,0.001,64,9999,0.005,10.0,False,True,mlp-diff-task-sizes-classification.csv,ce,16,0.31112072727600354,0.7414262406527996,0.493,0.4932997587913165,0.49173426699579376,0.4932462626262626,0.493,0.7485032789409161
mlp,1,8,15504,256,-100,100,contains_even,True,10000,1000,1000,0.4956,0.4999806396251759,0,1,0.0,0,0.9998555814372869,4.582188606262207,0.492,0.49993599590347565,0,1,0.0,0,0.998927422244572,4.596524715423584,0.5,0.5,0,1,0.5,0,0.9991117264498124,4.546084880828857,500,15,1e-09,0.001,64,9999,0.005,10.0,False,True,mlp-diff-task-sizes-classification.csv,ce,15,0.17561520097427502,0.749681182205677,0.508,0.508,0.49572803752111383,0.508862733976177,0.508,0.7633292190730572
mlp,1,8,28304,512,-100,100,contains_even,True,10000,1000,1000,0.4969,0.4999903899076461,0,1,0.0,0,0.9998837089082256,5.260182857513428,0.495,0.49997499937496875,0,1,0.0,0,0.9990397344842001,5.27227258682251,0.5,0.5,0,1,0.5,0,0.9991117264498124,5.22265625,500,15,1e-09,0.001,64,9999,0.005,10.0,False,True,mlp-diff-task-sizes-classification.csv,ce,15,0.14372068880505695,0.7644087709486485,0.509,0.509,0.5073995411090634,0.5091185040790108,0.509,0.7693586461246014
mlp,1,8,53904,1024,-100,100,contains_even,True,10000,1000,1000,0.4974,0.4999932399543018,0,1,0.0,0,0.9998919307153075,5.944983959197998,0.495,0.49997499937496875,0,1,0.0,0,0.9990397344842001,5.956159591674805,0.5,0.5,0,1,0.5,0,0.9991117264498124,5.9064812660217285,500,15,1e-09,0.001,64,9999,0.005,10.0,False,True,mlp-diff-task-sizes-classification.csv,ce,15,0.10901734849417026,0.760780606418848,0.501,0.501,0.4840985526844968,0.5011508062548621,0.501,0.768742136657238
mlp,1,8,13253,8,-100,100,mode,True,10000,1000,1000,119.8083,42.83264118765034,0,200,121.0,102,7.155411577128144,1.594286322593689,119.964,41.488537019277985,0,200,122.0,102,7.927776274548369,1.615328073501587,121.297,40.891035582386515,0,200,123.0,117,8.040454990158896,1.6287792921066284,500,15,1e-09,0.001,64,99999,0.005,10.0,False,True,mlp-diff-task-sizes-classification.csv,ce,22,3.9885353656002245,4.674045026302338,0.022,0.012628592943206292,0.015774044486390054,0.019902194303281263,0.022,4.727221310138702
mlp,1,8,13653,16,-100,100,mode,True,10000,1000,1000,115.7501,39.32631498106579,0,200,115.0,101,6.975072280010211,2.0874500274658203,114.05,38.299079623406094,1,199,114.0,104,7.768417824132624,2.113555908203125,115.296,37.775790977820705,0,200,115.0,104,7.719204128268912,2.126591205596924,500,15,1e-09,0.001,64,99999,0.005,10.0,False,True,mlp-diff-task-sizes-classification.csv,ce,19,3.7104661552492213,5.115285575389862,0.007,0.003972169605096047,0.007468433062880325,0.013161111111111111,0.007,5.1186703741550446
mlp,1,8,14453,32,-100,100,mode,True,10000,1000,1000,112.8244,43.7393068605345,0,200,113.0,102,7.14535309595443,2.6502907276153564,112.918,43.372494463657496,0,200,112.0,103,8.017386445748263,2.6810243129730225,115.515,43.97910611870141,0,200,114.0,104,8.081321351049592,2.6957993507385254,500,15,1e-09,0.001,64,99999,0.005,10.0,False,True,mlp-diff-task-sizes-classification.csv,ce,16,3.9007339188120387,5.4071986079216,0.002,0.001766304347826087,0.0013206521739130438,0.000987878787878788,0.002,5.407925516366959
mlp,1,8,16053,64,-100,100,mode,True,10000,1000,1000,114.6623,45.70270734551729,0,200,116.0,101,7.279078545731846,3.263730049133301,114.867,47.478303581741415,0,200,116.0,107,8.236335020394025,3.299808979034424,115.969,43.06132881135927,0,200,115.0,102,8.066819317811223,3.3115434646606445,500,15,1e-09,0.001,64,99999,0.005,10.0,False,True,mlp-diff-task-sizes-classification.csv,ce,16,3.796146562596708,5.389899373054504,0.003,0.006314127861089187,0.0022373737373737376,0.003933333333333334,0.003,5.409254401922226
mlp,1,8,19253,128,-100,100,mode,True,10000,1000,1000,114.7177,47.985797968878245,0,200,117.0,102,7.396767233469049,3.9093000888824463,111.305,48.406094399362566,0,200,115.0,102,8.432678120241473,3.9482314586639404,112.153,49.48209364002295,0,200,116.0,103,8.436072629546294,3.958667516708374,500,15,1e-09,0.001,64,99999,0.005,10.0,False,True,mlp-diff-task-sizes-classification.csv,ce,16,3.485612338888498,5.420700162649155,0.004,0.002969252969252969,0.004945670995670996,0.01223030303030303,0.004,5.42632669210434
mlp,1,8,25653,256,-100,100,mode,True,10000,1000,1000,112.7957,50.29055340230409,0,200,117.0,102,7.505020749659305,4.57519006729126,112.823,50.87240579135215,0,200,117.0,108,8.521936770259753,4.614556312561035,113.325,50.15987813980413,0,200,118.0,106,8.491100511991204,4.62540864944458,500,15,1e-09,0.001,64,99999,0.005,10.0,False,True,mlp-diff-task-sizes-classification.csv,ce,15,3.1006071551879564,5.4564476907253265,0.001,0.0003205128205128205,0.0015238095238095236,0.0032,0.001,5.447523146867752
mlp,1,8,38453,512,-100,100,mode,True,10000,1000,1000,110.6787,52.87911559689704,0,200,117.0,102,7.598163584612852,5.252865791320801,112.269,52.62864846260067,0,199,118.0,105,8.528450814380324,5.292989253997803,110.229,52.56769501319227,0,200,117.0,102,8.490345274136725,5.302632808685303,500,15,1e-09,0.001,64,99999,0.005,10.0,False,True,mlp-diff-task-sizes-classification.csv,ce,15,2.5053288395329907,5.420311510562897,0.004,0.004991319444444444,0.002445974025974026,0.0033097744360902253,0.004,5.426552027463913
mlp,1,8,64053,1024,-100,100,mode,True,10000,1000,1000,109.9797,54.34245014636348,0,200,117.0,101,7.655216019817816,5.937529563903809,108.186,56.059587975653194,0,200,115.0,104,8.627844604525968,5.9778828620910645,110.716,54.000142073887176,0,200,119.0,105,8.635309196403275,5.986629486083984,500,15,1e-09,0.001,64,99999,0.005,10.0,False,True,mlp-diff-task-sizes-classification.csv,ce,15,1.6646409942218472,5.408103853464127,0.003,0.004230118443316413,0.0008475802804161013,0.0005437002652519894,0.003,5.384726405143738
mlp,1,8,3104,8,-100,100,contains_even,True,10000,1000,1000,0.4383,0.4961785061850221,0,1,0.0,0,0.9889012341082538,1.5994362831115723,0.426,0.4944936804449578,0,1,0.0,0,0.9832850245202127,1.6213418245315552,0.423,0.49403542383112575,0,1,0.0,0,0.9819705360112225,1.6052287817001343,500,15,1e-09,0.001,64,99999,0.005,10.0,False,True,mlp-diff-task-sizes-classification.csv,ce,37,0.669310527240528,0.669540848582983,0.545,0.5025566331108571,0.5084878757035428,0.515142673048601,0.545,0.6921216025948524
mlp,1,8,3504,16,-100,100,contains_even,True,10000,1000,1000,0.4687,0.499019348322287,0,1,0.0,0,0.9970833615347543,2.092059850692749,0.459,0.498316164698678,0,1,0.0,0,0.9942656493832003,2.121177911758423,0.442,0.49662460672020686,0,1,0.0,0,0.9894028932821948,2.096299886703491,500,15,1e-09,0.001,64,99999,0.005,10.0,False,True,mlp-diff-task-sizes-classification.csv,ce,19,0.6538445575293445,0.7029403336346149,0.533,0.5105215783583905,0.5157063646979512,0.5184161811534379,0.533,0.702799879014492
mlp,1,8,4304,32,-100,100,contains_even,True,10000,1000,1000,0.4845,0.4997596922521863,0,1,0.0,0,0.9992182447819695,2.655393362045288,0.484,0.499743934430424,0,1,0.0,0,0.9983744155974623,2.68941593170166,0.468,0.49897494927100305,0,1,0.0,0,0.9961609762310588,2.6616616249084473,500,15,1e-09,0.001,64,99999,0.005,10.0,False,True,mlp-diff-task-sizes-classification.csv,ce,18,0.5906078966758797,0.7130906693637371,0.511,0.5148367714157187,0.5097976504872052,0.5171458102620893,0.511,0.7138594351708889
mlp,1,8,5904,64,-100,100,contains_even,True,10000,1000,1000,0.4912,0.49992255400211744,0,1,0.0,0,0.9996880206816878,3.268557071685791,0.482,0.4996758949559204,0,1,0.0,0,0.9981785252359926,3.3052735328674316,0.473,0.499270467782744,0,1,0.0,0,0.997011458232373,3.277034044265747,500,15,1e-09,0.001,64,99999,0.005,10.0,False,True,mlp-diff-task-sizes-classification.csv,ce,17,0.467643710518331,0.7260527424514294,0.486,0.4841718451003125,0.48581429144921723,0.48566344597064814,0.486,0.7220897525548935
mlp,1,8,9104,128,-100,100,contains_even,True,10000,1000,1000,0.4956,0.4999806396251759,0,1,0.0,0,0.9998555814372869,3.9143738746643066,0.489,0.49987898535545583,0,1,0.0,0,0.9987632631201516,3.9544365406036377,0.472,0.49921538437832613,0,1,0.0,0,0.9968529191335577,3.9200360774993896,500,15,1e-09,0.001,64,99999,0.005,10.0,False,True,mlp-diff-task-sizes-classification.csv,ce,15,0.3240226504521262,0.7622107900679111,0.517,0.5080091165896251,0.5044090683298091,0.5103149514233819,0.517,0.7552574649453163
mlp,1,8,15504,256,-100,100,contains_even,True,10000,1000,1000,0.4981,0.4999963899869677,0,1,0.0,0,0.999901017939431,4.579868793487549,0.492,0.49993599590347565,0,1,0.0,0,0.998927422244572,4.62272834777832,0.475,0.4993746088859544,0,1,0.0,0,0.997311209529079,4.584765911102295,500,15,1e-09,0.001,64,99999,0.005,10.0,False,True,mlp-diff-task-sizes-classification.csv,ce,16,0.16013102413132044,0.8089472763240337,0.504,0.5088721804511278,0.4996204323211529,0.5105353068069877,0.504,0.7819443568587303
mlp,1,8,28304,512,-100,100,contains_even,True,10000,1000,1000,0.4984,0.4999974399934464,0,1,0.0,0,0.9999040470056608,5.257348537445068,0.491,0.4999189934379369,0,1,0.0,0,0.9988784638064876,5.301376819610596,0.478,0.4995157655169654,0,1,0.0,0,0.9977175368666305,5.260834217071533,500,15,1e-09,0.001,64,99999,0.005,10.0,False,True,mlp-diff-task-sizes-classification.csv,ce,15,0.06430215197720952,0.7913697399199009,0.477,0.4724145946552526,0.47162057142857144,0.4724764840783488,0.477,0.7934148944914341
mlp,1,8,53904,1024,-100,100,contains_even,True,10000,1000,1000,0.499,0.499998999999,0,1,0.0,0,0.9999085473248033,5.9417219161987305,0.492,0.49993599590347565,0,1,0.0,0,0.998927422244572,5.987016677856445,0.477,0.4994707198625361,0,1,0.0,0,0.9975878662109894,5.944083213806152,500,15,1e-09,0.001,64,99999,0.005,10.0,False,True,mlp-diff-task-sizes-classification.csv,ce,15,0.15517442309212814,0.7560926675796509,0.498,0.4963823450421091,0.49764942867807305,0.4974419053361472,0.498,0.7972756549715996
