type,data_dim,laten_dim,n_params,max_set_size,min_value,max_value,label,multisets,train_samples,valid_samples,test_samples,train_label_mean,train_label_std,train_label_min,train_label_max,train_label_median,train_label_mode,train_delta,valid_label_mean,valid_label_std,valid_label_min,valid_label_max,valid_label_median,valid_label_mode,valid_delta,test_label_mean,test_label_std,test_label_min,test_label_max,test_label_median,test_label_mode,test_delta,max_epochs,patience,min_delta,lr,batch_size,random_seed,weight_decay,grad_norm_threshold,use_batch_sampler,use_gpu,results_out,loss,epochs,avg_train_loss,best_valid_loss,test_mse,test_mae,test_med_ae,test_max_error,test_mape,test_r2,avg_test_loss
sorted_mlp,1,8,3053,8,-100,100,sum,True,10000,1000,1000,-1.7207,120.6064453125,-526.0,558.0,-1.0,12.0,1.5935304164886475,-2.551,119.95564270019531,-405.0,410.0,-4.0,-14.0,1.5713962316513062,-0.85,123.9687271118164,-378.0,443.0,-3.0,-32.0,1.5809353590011597,500,15,1e-09,0.001,64,9,0.005,10.0,False,True,sorted_mlp-diff-set-sizes-results.csv,mse,33,0.34893378387590884,0.11693447642028332,0.10795383900403976,0.22799047827720642,0.15377044677734375,1.50360107421875,4490731716608.0,0.9999929755255891,0.10824011475779116
sorted_mlp,1,8,3453,16,-100,100,sum,True,10000,1000,1000,-0.3669,168.1516876220703,-651.0,754.0,0.0,64.0,2.086803913116455,-3.994,164.2848358154297,-620.0,642.0,-5.0,-94.0,2.0597832202911377,0.117,171.40850830078125,-645.0,577.0,-0.5,76.0,2.063805103302002,500,15,1e-09,0.001,64,9,0.005,10.0,False,True,sorted_mlp-diff-set-sizes-results.csv,mse,33,3.043148083576731,0.5820367820560932,0.7459339499473572,0.5871994495391846,0.4484367370605469,10.09735107421875,6904153112576.0,0.9999746115840987,0.7416080292314291
sorted_mlp,1,8,4253,32,-100,100,sum,True,10000,1000,1000,-0.4234,232.7130126953125,-1048.0,1091.0,-1.0,-37.0,2.649203062057495,9.993,224.57327270507812,-678.0,910.0,9.0,-24.0,2.618053913116455,-9.602,225.84738159179688,-965.0,795.0,-9.5,-94.0,2.6180479526519775,500,15,1e-09,0.001,64,9,0.005,10.0,False,True,sorted_mlp-diff-set-sizes-results.csv,mse,39,19.017742583895945,1.0717138685286045,1.005928635597229,0.6514827609062195,0.48171234130859375,14.570556640625,7879426834432.0,0.999980278631712,0.9992123283445835
sorted_mlp,1,8,5853,64,-100,100,sum,True,10000,1000,1000,-4.5196,325.7957458496094,-1483.0,1420.0,-1.0,-75.0,3.2619073390960693,-11.477,317.8013916015625,-1141.0,1006.0,-13.0,62.0,3.2282028198242188,2.993,327.67236328125,-1295.0,1077.0,2.5,-134.0,3.222740888595581,500,15,1e-09,0.001,64,9,0.005,10.0,False,True,sorted_mlp-diff-set-sizes-results.csv,mse,43,193.36222038451274,4.164184615015984,5.505486488342285,1.782423734664917,1.8727593421936035,40.3253173828125,22176491110400.0,0.9999487237750314,5.454533293843269
sorted_mlp,1,8,9053,128,-100,100,sum,True,10000,1000,1000,-11.7718,464.27020263671875,-1990.0,2092.0,-7.0,-3.0,3.906660556793213,-5.877,438.42767333984375,-1563.0,1629.0,6.5,37.0,3.873002052307129,7.352,455.4123840332031,-1729.0,1765.0,5.5,-120.0,3.8627851009368896,500,15,1e-09,0.001,64,9,0.005,10.0,False,True,sorted_mlp-diff-set-sizes-results.csv,mse,33,347.7026949475525,50.07115054130554,55.5233268737793,5.798634052276611,5.482269287109375,85.61749267578125,2416338272256.0,0.9997322892589455,54.8592004776001
sorted_mlp,1,8,15453,256,-100,100,sum,True,10000,1000,1000,-12.4342,650.7060546875,-3095.0,3029.0,-10.0,-264.0,4.571545124053955,-22.822,618.7774658203125,-2378.0,2289.0,-11.5,-93.0,4.538384914398193,-12.812,627.735595703125,-2636.0,2424.0,-15.0,-66.0,4.524194240570068,500,15,1e-09,0.001,64,9,0.005,10.0,False,True,sorted_mlp-diff-set-sizes-results.csv,mse,23,588.2890624514051,148.81814050674438,113.82022094726562,8.89448356628418,8.483917236328125,77.27923583984375,0.074087955057621,0.9997111543064936,113.30614233016968
sorted_mlp,1,8,28253,512,-100,100,sum,True,10000,1000,1000,-21.4571,919.6292724609375,-4042.0,4570.0,-12.0,-207.0,5.248648166656494,-54.368,904.8175659179688,-3693.0,3333.0,-40.5,-42.0,5.216047763824463,-17.564,891.1109619140625,-3278.0,3098.0,-19.5,-544.0,5.19927453994751,500,15,1e-09,0.001,64,9,0.005,10.0,False,True,sorted_mlp-diff-set-sizes-results.csv,mse,19,6451.31806489009,1028.4778442382812,1283.8807373046875,29.449359893798828,28.41082763671875,240.4111328125,0.18175014853477478,0.9983831818901083,1277.2250709533691
sorted_mlp,1,8,53853,1024,-100,100,sum,True,10000,1000,1000,-34.4043,1307.7252197265625,-6249.0,6689.0,-29.5,211.0,5.932857990264893,13.265,1292.8341064453125,-4437.0,5348.0,1.0,282.0,5.900405406951904,-48.561,1267.7017822265625,-6106.0,4942.0,-57.0,268.0,5.8831610679626465,500,15,1e-09,0.001,64,9,0.005,10.0,False,True,sorted_mlp-diff-set-sizes-results.csv,mse,18,12291.998648673865,4990.012130737305,5330.86083984375,59.205055236816406,53.344669342041016,456.23193359375,0.21854864060878754,0.9966828650399145,5351.555648803711
sorted_mlp,1,8,3053,8,-100,100,largest_pair_sum,True,10000,1000,1000,75.3149,77.86625671386719,-195.0,200.0,89.0,143.0,1.5935304164886475,71.506,79.5936279296875,-175.0,199.0,83.0,126.0,1.5713962316513062,71.876,82.15796661376953,-190.0,198.0,85.0,68.0,1.5809353590011597,500,15,1e-09,0.001,64,9,0.005,10.0,False,True,sorted_mlp-diff-set-sizes-results.csv,mse,90,39.60583407408113,45.174019396305084,40.456024169921875,2.6813156604766846,1.0482177734375,68.78270721435547,29462651469824.0,0.9940064537514509,41.82829833030701
sorted_mlp,1,8,3453,16,-100,100,largest_pair_sum,True,10000,1000,1000,114.6807,71.8364028930664,-186.0,200.0,138.0,175.0,2.086803913116455,111.771,74.47907257080078,-196.0,199.0,137.5,140.0,2.0597832202911377,113.484,70.77845764160156,-164.0,200.0,135.0,179.0,2.063805103302002,500,15,1e-09,0.001,64,9,0.005,10.0,False,True,sorted_mlp-diff-set-sizes-results.csv,mse,111,27.201056621636553,32.07978841662407,26.382537841796875,1.8208098411560059,0.5843582153320312,63.553504943847656,0.09844277054071426,0.9947335935341214,28.2096429169178
sorted_mlp,1,8,4253,32,-100,100,largest_pair_sum,True,10000,1000,1000,145.1812,61.89462661743164,-190.0,200.0,168.0,184.0,2.649203062057495,143.293,61.00706100463867,-118.0,200.0,167.0,187.0,2.618053913116455,141.48,64.72430419921875,-139.0,200.0,166.0,191.0,2.6180479526519775,500,15,1e-09,0.001,64,9,0.005,10.0,False,True,sorted_mlp-diff-set-sizes-results.csv,mse,69,26.008770763494407,28.038336269557476,26.86124610900879,1.8014006614685059,0.622222900390625,57.60740280151367,0.09936285763978958,0.9935880316083778,26.902339816093445
sorted_mlp,1,8,5853,64,-100,100,largest_pair_sum,True,10000,1000,1000,166.7116,49.55256652832031,-192.0,200.0,184.0,195.0,3.2619073390960693,165.29,49.85739517211914,-146.0,200.0,184.0,191.0,3.2282028198242188,165.159,51.462100982666016,-154.0,200.0,184.0,196.0,3.222740888595581,500,15,1e-09,0.001,64,9,0.005,10.0,False,True,sorted_mlp-diff-set-sizes-results.csv,mse,88,20.471943757146786,16.99569347128272,16.103897094726562,1.126511812210083,0.48587799072265625,58.996002197265625,0.0751071497797966,0.9939192662504148,16.048087179660797
sorted_mlp,1,8,9053,128,-100,100,largest_pair_sum,True,10000,1000,1000,180.2287,38.25194549560547,-170.0,200.0,192.0,198.0,3.906660556793213,180.133,33.93206787109375,-121.0,200.0,192.0,196.0,3.873002052307129,178.317,40.504966735839844,-175.0,200.0,192.0,198.0,3.8627851009368896,500,15,1e-09,0.001,64,9,0.005,10.0,False,True,sorted_mlp-diff-set-sizes-results.csv,mse,45,28.843879778863517,9.441276524215937,26.03390121459961,1.6312477588653564,0.952423095703125,76.54124450683594,0.040237002074718475,0.9841319845844881,25.495984122157097
sorted_mlp,1,8,15453,256,-100,100,largest_pair_sum,True,10000,1000,1000,189.1836,27.7951602935791,-150.0,200.0,197.0,200.0,4.571545124053955,188.198,29.170204162597656,-96.0,200.0,196.0,199.0,4.538384914398193,187.402,30.245073318481445,-168.0,200.0,197.0,198.0,4.524194240570068,500,15,1e-09,0.001,64,9,0.005,10.0,False,True,sorted_mlp-diff-set-sizes-results.csv,mse,48,18.514220814036715,11.158366456627846,18.91202163696289,1.2951997518539429,0.7821121215820312,106.45684051513672,0.026411663740873337,0.9793258016482809,18.513153553009033
sorted_mlp,1,8,28253,512,-100,100,largest_pair_sum,True,10000,1000,1000,194.0938,20.87116241455078,-185.0,200.0,199.0,200.0,5.248648166656494,194.299,17.194637298583984,-36.0,200.0,199.0,200.0,5.216047763824463,193.01,21.69589614868164,-90.0,200.0,199.0,200.0,5.19927453994751,500,15,1e-09,0.001,64,9,0.005,10.0,False,True,sorted_mlp-diff-set-sizes-results.csv,mse,54,16.160508221881404,13.327473066747189,5.4713873863220215,1.471483588218689,1.2274398803710938,40.756141662597656,0.011880024336278439,0.9883763557935631,5.429768651723862
sorted_mlp,1,8,53853,1024,-100,100,largest_pair_sum,True,10000,1000,1000,197.0462,13.195646286010742,-78.0,200.0,200.0,200.0,5.932857990264893,197.315,12.262781143188477,-54.0,200.0,200.0,200.0,5.900405406951904,196.981,10.529891967773438,53.0,200.0,200.0,200.0,5.8831610679626465,500,15,1e-09,0.001,64,9,0.005,10.0,False,True,sorted_mlp-diff-set-sizes-results.csv,mse,40,27.96437494162541,9.094495415687561,3.5539779663085938,1.4586021900177002,1.2132186889648438,12.956558227539062,0.007569253910332918,0.9679471352150542,3.547799691557884
sorted_mlp,1,8,3053,8,-100,100,largest_triple_sum,True,10000,1000,1000,74.7881,103.06764221191406,-265.0,295.0,80.0,99.0,1.5935304164886475,71.023,104.79594421386719,-231.0,281.0,78.0,-8.0,1.5713962316513062,71.569,106.84083557128906,-251.0,295.0,73.0,94.0,1.5809353590011597,500,15,1e-09,0.001,64,9,0.005,10.0,False,True,sorted_mlp-diff-set-sizes-results.csv,mse,111,78.63223353464892,85.2812402844429,73.24050903320312,3.80537748336792,0.8476448059082031,82.3326416015625,40625164517376.0,0.993583815573776,72.30942022800446
sorted_mlp,1,8,3453,16,-100,100,largest_triple_sum,True,10000,1000,1000,141.3886,106.35830688476562,-254.0,299.0,169.0,224.0,2.086803913116455,137.083,108.2621078491211,-219.0,291.0,168.0,203.0,2.0597832202911377,139.206,106.37792205810547,-257.0,298.0,166.5,225.0,2.063805103302002,500,15,1e-09,0.001,64,9,0.005,10.0,False,True,sorted_mlp-diff-set-sizes-results.csv,mse,110,68.53166110044832,70.07206618785858,90.17050170898438,4.297397613525391,1.652435302734375,92.40965270996094,114276983373824.0,0.9920317765435503,88.41560047864914
sorted_mlp,1,8,4253,32,-100,100,largest_triple_sum,True,10000,1000,1000,196.2135,96.94635009765625,-250.0,300.0,233.0,258.0,2.649203062057495,192.728,98.62287902832031,-202.0,297.0,230.0,265.0,2.618053913116455,191.79,99.5708236694336,-215.0,299.0,230.0,236.0,2.6180479526519775,500,15,1e-09,0.001,64,9,0.005,10.0,False,True,sorted_mlp-diff-set-sizes-results.csv,mse,82,45.054973089770904,36.80203841626644,52.63878631591797,3.033700466156006,1.5165176391601562,65.82939147949219,0.10111723095178604,0.9946906469622467,51.65372920036316
sorted_mlp,1,8,5853,64,-100,100,largest_triple_sum,True,10000,1000,1000,236.4226,79.77425384521484,-250.0,300.0,266.0,282.0,3.2619073390960693,233.256,81.268310546875,-202.0,300.0,266.0,282.0,3.2282028198242188,233.926,83.3924331665039,-154.0,300.0,266.0,289.0,3.222740888595581,500,15,1e-09,0.001,64,9,0.005,10.0,False,True,sorted_mlp-diff-set-sizes-results.csv,mse,59,42.76206654120403,50.37795501947403,43.6661376953125,1.9918241500854492,0.7205047607421875,85.99712371826172,0.056241724640131,0.9937209857914022,43.8359981328249
sorted_mlp,1,8,9053,128,-100,100,largest_triple_sum,True,10000,1000,1000,261.893,63.45639419555664,-239.0,300.0,283.0,295.0,3.906660556793213,260.866,58.91181564331055,-220.0,300.0,283.0,292.0,3.873002052307129,258.038,68.2776870727539,-175.0,300.0,283.0,288.0,3.8627851009368896,500,15,1e-09,0.001,64,9,0.005,10.0,False,True,sorted_mlp-diff-set-sizes-results.csv,mse,88,28.245713229391985,15.929739944636822,25.53498077392578,1.7188178300857544,1.051513671875,79.24893188476562,0.04574316367506981,0.9945225559759981,25.672243386507034
sorted_mlp,1,8,15453,256,-100,100,largest_triple_sum,True,10000,1000,1000,278.6846,46.9648323059082,-199.0,300.0,292.0,298.0,4.571545124053955,277.248,48.59014892578125,-185.0,300.0,292.0,298.0,4.538384914398193,274.704,55.29174041748047,-268.0,300.0,293.0,297.0,4.524194240570068,500,15,1e-09,0.001,64,9,0.005,10.0,False,True,sorted_mlp-diff-set-sizes-results.csv,mse,34,47.27169729038408,23.36727924644947,52.760066986083984,2.145517349243164,1.1780853271484375,150.49282836914062,0.02912534773349762,0.9827422217935021,51.59649084508419
sorted_mlp,1,8,28253,512,-100,100,largest_triple_sum,True,10000,1000,1000,288.2058,35.64956283569336,-225.0,300.0,297.0,300.0,5.248648166656494,288.466,30.483583450317383,-42.0,300.0,296.0,300.0,5.216047763824463,285.975,38.26173400878906,-181.0,300.0,297.0,300.0,5.19927453994751,500,15,1e-09,0.001,64,9,0.005,10.0,False,True,sorted_mlp-diff-set-sizes-results.csv,mse,51,31.290191351228458,10.340686708688736,14.920831680297852,1.7756096124649048,1.2280426025390625,54.43934631347656,0.017454806715250015,0.9898078991736887,14.6539306640625
sorted_mlp,1,8,53853,1024,-100,100,largest_triple_sum,True,10000,1000,1000,293.9634,23.55171775817871,-129.0,300.0,299.0,300.0,5.932857990264893,294.26,23.14192008972168,-135.0,300.0,299.0,300.0,5.900405406951904,293.659,20.152685165405273,28.0,300.0,299.0,300.0,5.8831610679626465,500,15,1e-09,0.001,64,9,0.005,10.0,False,True,sorted_mlp-diff-set-sizes-results.csv,mse,83,23.730587297184453,19.8613261282444,5.552093029022217,1.8933937549591064,1.6515655517578125,11.496231079101562,0.006674698553979397,0.9863292950795727,5.551686346530914
sorted_mlp,1,8,3053,8,-100,100,sum,True,10000,1000,1000,-0.5577,122.52240753173828,-532.0,500.0,1.0,65.0,1.6007636785507202,-6.071,124.97406005859375,-490.0,509.0,-5.0,-32.0,1.6070263385772705,-0.376,121.76148223876953,-411.0,456.0,0.0,-71.0,1.6034399271011353,500,15,1e-09,0.001,64,99,0.005,10.0,False,True,sorted_mlp-diff-set-sizes-results.csv,mse,54,0.26364714075710366,0.064409225480631,0.056833039969205856,0.168346107006073,0.12018966674804688,1.3367691040039062,1848479186944.0,0.9999961666277889,0.05647064303047955
sorted_mlp,1,8,3453,16,-100,100,sum,True,10000,1000,1000,-0.9587,169.31668090820312,-762.0,719.0,0.0,10.0,2.096096992492676,13.741,163.68128967285156,-1010.0,541.0,12.0,-58.0,2.1014459133148193,6.072,171.2257537841797,-674.0,713.0,4.5,109.0,2.0974459648132324,500,15,1e-09,0.001,64,99,0.005,10.0,False,True,sorted_mlp-diff-set-sizes-results.csv,mse,25,1.8510605054106681,1.1256400421261787,0.7652468085289001,0.5773414373397827,0.3815774917602539,7.3077392578125,3711409061888.0,0.9999738986275365,0.7620667517185211
sorted_mlp,1,8,4253,32,-100,100,sum,True,10000,1000,1000,1.2383,236.4095001220703,-921.0,1027.0,2.0,3.0,2.6601147651672363,-7.618,238.91510009765625,-802.0,751.0,-3.5,87.0,2.666325569152832,-3.476,234.4748992919922,-817.0,903.0,-5.0,-141.0,2.664741277694702,500,15,1e-09,0.001,64,99,0.005,10.0,False,True,sorted_mlp-diff-set-sizes-results.csv,mse,24,25.58632280910091,3.546128749847412,2.166438579559326,1.16960608959198,1.028045654296875,8.1097412109375,0.021288130432367325,0.999960594791028,2.1692278534173965
sorted_mlp,1,8,5853,64,-100,100,sum,True,10000,1000,1000,-2.0623,333.8539733886719,-1403.0,1545.0,-2.0,-2.0,3.274092674255371,7.014,349.89654541015625,-1365.0,1225.0,9.5,-55.0,3.2827086448669434,-5.989,349.2373046875,-1231.0,1373.0,-9.5,72.0,3.2797882556915283,500,15,1e-09,0.001,64,99,0.005,10.0,False,True,sorted_mlp-diff-set-sizes-results.csv,mse,33,104.23098291712961,2.3717350736260414,2.1499881744384766,1.1006083488464355,1.0080986022949219,17.448974609375,10829877477376.0,0.9999823723338869,2.149202175438404
sorted_mlp,1,8,9053,128,-100,100,sum,True,10000,1000,1000,-2.2998,468.9535827636719,-2102.0,2376.0,-3.0,-41.0,3.919740676879883,-3.344,452.03271484375,-1687.0,1537.0,0.0,-354.0,3.9290590286254883,-9.155,459.51751708984375,-1649.0,1528.0,-18.0,150.0,3.9267334938049316,500,15,1e-09,0.001,64,99,0.005,10.0,False,True,sorted_mlp-diff-set-sizes-results.csv,mse,49,328.804737066767,19.263803362846375,18.493234634399414,3.6726019382476807,3.392688751220703,20.5833740234375,0.04112304747104645,0.9999124192291193,18.502367854118347
sorted_mlp,1,8,15453,256,-100,100,sum,True,10000,1000,1000,-7.3063,661.7745971679688,-3531.0,3720.0,-1.0,-270.0,4.585209369659424,11.947,679.8047485351562,-2331.0,2503.0,4.0,-82.0,4.595020294189453,5.994,693.4530639648438,-3328.0,2759.0,11.5,34.0,4.592075824737549,500,15,1e-09,0.001,64,99,0.005,10.0,False,True,sorted_mlp-diff-set-sizes-results.csv,mse,37,1504.1774422712388,88.4930968284607,111.1201400756836,8.451083183288574,8.476577758789062,122.557861328125,0.08385652303695679,0.9997689219911806,110.46338558197021
sorted_mlp,1,8,28253,512,-100,100,sum,True,10000,1000,1000,-11.106,939.514404296875,-3957.0,4502.0,-10.5,23.0,5.26270055770874,41.141,904.4713745117188,-3548.0,3622.0,0.5,-111.0,5.272765636444092,8.352,953.4849243164062,-3303.0,2766.0,22.5,26.0,5.270244598388672,500,15,1e-09,0.001,64,99,0.005,10.0,False,True,sorted_mlp-diff-set-sizes-results.csv,mse,27,2312.3693381145504,237.1117343902588,293.5058898925781,11.035489082336426,9.595516204833984,236.5966796875,0.10219016671180725,0.9996771586395969,297.6386957168579
sorted_mlp,1,8,53853,1024,-100,100,sum,True,10000,1000,1000,-17.06,1318.166015625,-6779.0,5818.0,-13.0,77.0,5.946806907653809,-52.142,1253.708251953125,-4296.0,5312.0,-36.0,-761.0,5.957937240600586,42.606,1321.609619140625,-4697.0,4540.0,-27.5,-255.0,5.954519748687744,500,15,1e-09,0.001,64,99,0.005,10.0,False,True,sorted_mlp-diff-set-sizes-results.csv,mse,34,10043.216113436754,2813.110107421875,2487.489990234375,44.63529968261719,47.628662109375,241.923583984375,0.21483434736728668,0.9985758525555097,2475.86124420166
sorted_mlp,1,8,3053,8,-100,100,largest_pair_sum,True,10000,1000,1000,75.9497,78.6686782836914,-195.0,200.0,90.0,142.0,1.6007636785507202,74.529,77.87130737304688,-163.0,196.0,88.0,118.0,1.6070263385772705,76.777,77.3594970703125,-150.0,197.0,91.0,153.0,1.6034399271011353,500,15,1e-09,0.001,64,99,0.005,10.0,False,True,sorted_mlp-diff-set-sizes-results.csv,mse,128,46.16942402967222,41.141362726688385,45.438961029052734,2.462223529815674,0.6806221008300781,88.76792907714844,24824778850304.0,0.9924072141184377,44.55848929286003
sorted_mlp,1,8,3453,16,-100,100,largest_pair_sum,True,10000,1000,1000,115.2921,71.6905517578125,-189.0,200.0,138.0,171.0,2.096096992492676,118.407,69.26769256591797,-148.0,200.0,142.0,178.0,2.1014459133148193,115.758,73.02177429199219,-193.0,200.0,140.0,144.0,2.0974459648132324,500,15,1e-09,0.001,64,99,0.005,10.0,False,True,sorted_mlp-diff-set-sizes-results.csv,mse,103,28.45195569164434,27.055700719356537,24.20701789855957,1.5805988311767578,0.5455398559570312,67.24755859375,35558550142976.0,0.9954602017480015,23.726580761373043
sorted_mlp,1,8,4253,32,-100,100,largest_pair_sum,True,10000,1000,1000,146.4006,59.88886642456055,-186.0,200.0,168.0,187.0,2.6601147651672363,146.206,59.71803283691406,-167.0,200.0,169.0,185.0,2.666325569152832,145.14,62.63589096069336,-161.0,200.0,169.0,185.0,2.664741277694702,500,15,1e-09,0.001,64,99,0.005,10.0,False,True,sorted_mlp-diff-set-sizes-results.csv,mse,127,19.271202695217863,20.46819107234478,21.496252059936523,1.465673565864563,0.44821929931640625,44.35724639892578,0.03733254224061966,0.9945208113353736,21.127299562096596
sorted_mlp,1,8,5853,64,-100,100,largest_pair_sum,True,10000,1000,1000,167.3527,47.82267379760742,-185.0,200.0,184.0,194.0,3.274092674255371,169.236,44.033512115478516,-129.0,200.0,185.0,195.0,3.2827086448669434,167.277,49.50949478149414,-142.0,200.0,184.0,196.0,3.2797882556915283,500,15,1e-09,0.001,64,99,0.005,10.0,False,True,sorted_mlp-diff-set-sizes-results.csv,mse,57,16.985435205470225,14.31070751696825,23.86258316040039,1.4951813220977783,0.8128814697265625,64.43451690673828,0.0687875896692276,0.9902648993340121,23.79883237928152
sorted_mlp,1,8,9053,128,-100,100,largest_pair_sum,True,10000,1000,1000,180.6979,37.81456756591797,-182.0,200.0,192.0,197.0,3.919740676879883,181.988,33.99111557006836,-61.0,200.0,193.0,198.0,3.9290590286254883,181.389,34.913116455078125,-104.0,200.0,192.5,197.0,3.9267334938049316,500,15,1e-09,0.001,64,99,0.005,10.0,False,True,sorted_mlp-diff-set-sizes-results.csv,mse,72,19.540446354894883,11.354073226451874,13.305588722229004,1.9205429553985596,1.6881637573242188,56.71572494506836,0.019997037947177887,0.9890841673701576,13.077801957726479
sorted_mlp,1,8,15453,256,-100,100,largest_pair_sum,True,10000,1000,1000,189.4648,26.662185668945312,-156.0,200.0,197.0,200.0,4.585209369659424,190.113,24.025283813476562,-81.0,200.0,197.0,200.0,4.595020294189453,189.099,27.265531539916992,-122.0,200.0,196.0,200.0,4.592075824737549,500,15,1e-09,0.001,64,99,0.005,10.0,False,True,sorted_mlp-diff-set-sizes-results.csv,mse,41,13.9908490731458,9.83839126676321,10.10119915008545,1.176459550857544,0.7798919677734375,59.87805938720703,620774686720.0,0.9864123299283822,9.964408084750175
sorted_mlp,1,8,28253,512,-100,100,largest_pair_sum,True,10000,1000,1000,194.3781,19.467519760131836,-145.0,200.0,199.0,200.0,5.26270055770874,194.278,20.596134185791016,-95.0,200.0,199.0,200.0,5.272765636444092,194.703,20.7896785736084,-119.0,200.0,199.0,200.0,5.270244598388672,500,15,1e-09,0.001,64,99,0.005,10.0,False,True,sorted_mlp-diff-set-sizes-results.csv,mse,78,22.52320377765947,2.8318857923150063,4.886889934539795,1.1576284170150757,0.8829803466796875,50.30726623535156,0.006623419933021069,0.988693270052212,4.803317010402679
sorted_mlp,1,8,53853,1024,-100,100,largest_pair_sum,True,10000,1000,1000,197.0724,14.293549537658691,-153.0,200.0,200.0,200.0,5.946806907653809,197.657,11.220220565795898,-87.0,200.0,200.0,200.0,5.957937240600586,197.316,13.027820587158203,-34.0,200.0,200.0,200.0,5.954519748687744,500,15,1e-09,0.001,64,99,0.005,10.0,False,True,sorted_mlp-diff-set-sizes-results.csv,mse,58,17.64070450955895,4.246772989630699,9.543121337890625,1.6112486124038696,1.2094497680664062,48.01951599121094,0.010435857810080051,0.9437727534004955,9.407562524080276
sorted_mlp,1,8,3053,8,-100,100,largest_triple_sum,True,10000,1000,1000,75.7885,104.1695785522461,-277.0,294.0,81.0,161.0,1.6007636785507202,74.233,102.65343475341797,-230.0,284.0,81.0,0.0,1.6070263385772705,76.412,104.22566986083984,-235.0,288.0,82.5,38.0,1.6034399271011353,500,15,1e-09,0.001,64,99,0.005,10.0,False,True,sorted_mlp-diff-set-sizes-results.csv,mse,122,80.448847788914,93.36040621995926,84.5667953491211,4.366739273071289,1.8853378295898438,88.54989624023438,16889783779328.0,0.992215145980757,84.33395624160767
sorted_mlp,1,8,3453,16,-100,100,largest_triple_sum,True,10000,1000,1000,142.1923,106.3336410522461,-232.0,299.0,170.0,233.0,2.096096992492676,147.607,102.338623046875,-217.0,295.0,178.0,218.0,2.1014459133148193,145.051,106.31729125976562,-249.0,293.0,173.0,240.0,2.0974459648132324,500,15,1e-09,0.001,64,99,0.005,10.0,False,True,sorted_mlp-diff-set-sizes-results.csv,mse,111,68.3504682650232,40.510996997356415,64.1805419921875,3.0752739906311035,0.6514663696289062,125.09246826171875,75249169203200.0,0.9943219971072618,65.75200599431992
sorted_mlp,1,8,4253,32,-100,100,largest_triple_sum,True,10000,1000,1000,198.4028,94.70460510253906,-281.0,300.0,234.0,248.0,2.6601147651672363,198.307,94.68328094482422,-259.0,296.0,235.5,248.0,2.666325569152832,196.701,97.52835845947266,-253.0,298.0,232.5,252.0,2.664741277694702,500,15,1e-09,0.001,64,99,0.005,10.0,False,True,sorted_mlp-diff-set-sizes-results.csv,mse,99,45.232828480422874,27.855070382356644,46.047401428222656,2.8752546310424805,1.4621829986572266,55.8951416015625,0.061054155230522156,0.9951589076212674,46.22980338335037
sorted_mlp,1,8,5853,64,-100,100,largest_triple_sum,True,10000,1000,1000,237.3905,78.10014343261719,-226.0,300.0,267.0,287.0,3.274092674255371,239.76,75.01934051513672,-146.0,300.0,269.0,278.0,3.2827086448669434,236.946,81.28619384765625,-221.0,299.0,266.0,280.0,3.2797882556915283,500,15,1e-09,0.001,64,99,0.005,10.0,False,True,sorted_mlp-diff-set-sizes-results.csv,mse,86,36.003714259263056,21.107791006565094,30.54458999633789,1.7647690773010254,0.5609893798828125,47.79426193237305,0.045298121869564056,0.9953772462612877,31.33533639460802
sorted_mlp,1,8,9053,128,-100,100,largest_triple_sum,True,10000,1000,1000,262.7983,62.48078918457031,-209.0,300.0,284.0,295.0,3.919740676879883,264.269,59.31245040893555,-124.0,300.0,284.0,293.0,3.9290590286254883,263.93,58.38348388671875,-171.0,300.0,284.0,292.0,3.9267334938049316,500,15,1e-09,0.001,64,99,0.005,10.0,False,True,sorted_mlp-diff-set-sizes-results.csv,mse,53,36.52883570968725,33.17059604823589,27.988479614257812,1.9349924325942993,1.302001953125,70.46647644042969,0.06886792182922363,0.9917889380007082,28.26997934281826
sorted_mlp,1,8,15453,256,-100,100,largest_triple_sum,True,10000,1000,1000,279.233,45.49814224243164,-237.0,300.0,293.0,298.0,4.585209369659424,280.181,42.114585876464844,-81.0,300.0,292.0,296.0,4.595020294189453,278.998,44.78425979614258,-122.0,300.0,292.0,295.0,4.592075824737549,500,15,1e-09,0.001,64,99,0.005,10.0,False,True,sorted_mlp-diff-set-sizes-results.csv,mse,37,31.651215766645542,31.38112236559391,16.474695205688477,1.6555590629577637,1.0839385986328125,87.67667388916016,0.02860361896455288,0.9917857751198501,16.14909692108631
sorted_mlp,1,8,28253,512,-100,100,largest_triple_sum,True,10000,1000,1000,288.7027,33.78390884399414,-208.0,300.0,297.0,300.0,5.26270055770874,288.656,34.049224853515625,-162.0,300.0,297.0,300.0,5.272765636444092,289.599,32.25973129272461,-119.0,300.0,297.0,300.0,5.270244598388672,500,15,1e-09,0.001,64,99,0.005,10.0,False,True,sorted_mlp-diff-set-sizes-results.csv,mse,33,72.27852075418849,14.710304856300354,9.669651985168457,1.8425793647766113,1.3739471435546875,52.019020080566406,0.007969328202307224,0.9907084237604105,9.592305079102516
sorted_mlp,1,8,53853,1024,-100,100,largest_triple_sum,True,10000,1000,1000,294.0437,24.81337547302246,-251.0,300.0,299.0,300.0,5.946806907653809,295.166,18.168556213378906,-87.0,300.0,299.0,300.0,5.957937240600586,294.353,24.218059539794922,-130.0,300.0,299.0,300.0,5.954519748687744,500,15,1e-09,0.001,64,99,0.005,10.0,False,True,sorted_mlp-diff-set-sizes-results.csv,mse,41,43.81102171369419,7.94506099820137,15.947402000427246,1.9678112268447876,1.462738037109375,88.48863220214844,0.014938733540475368,0.9728098691856536,15.653726428747177
sorted_mlp,1,8,3053,8,-100,100,sum,True,10000,1000,1000,0.4544,123.10818481445312,-504.0,507.0,0.0,-18.0,1.5925837755203247,0.323,127.13966369628906,-461.0,437.0,1.0,26.0,1.5986740589141846,-4.489,121.46906280517578,-415.0,388.0,-6.0,-12.0,1.58424711227417,500,15,1e-09,0.001,64,999,0.005,10.0,False,True,sorted_mlp-diff-set-sizes-results.csv,mse,43,0.3996178151648136,0.17485177423804998,0.14622069895267487,0.2899457514286041,0.23110389709472656,1.772308349609375,4081471717376.0,0.9999900899113726,0.14625446032732725
sorted_mlp,1,8,3453,16,-100,100,sum,True,10000,1000,1000,-0.5776,167.06825256347656,-675.0,767.0,0.0,-49.0,2.0844385623931885,-6.433,169.98858642578125,-616.0,505.0,-6.5,-11.0,2.0934879779815674,-1.558,163.28997802734375,-605.0,519.0,-2.5,-25.0,2.0792086124420166,500,15,1e-09,0.001,64,999,0.005,10.0,False,True,sorted_mlp-diff-set-sizes-results.csv,mse,32,1.66120493421509,0.432057524099946,0.3960265815258026,0.43076086044311523,0.296234130859375,3.934326171875,1657490898944.0,0.9999851473071638,0.3991388287395239
sorted_mlp,1,8,4253,32,-100,100,sum,True,10000,1000,1000,-1.2141,234.63523864746094,-994.0,1067.0,-3.0,-3.0,2.64734148979187,-9.485,229.90423583984375,-980.0,958.0,2.5,21.0,2.655341386795044,6.962,240.2809600830078,-933.0,871.0,-2.0,-40.0,2.6367149353027344,500,15,1e-09,0.001,64,999,0.005,10.0,False,True,sorted_mlp-diff-set-sizes-results.csv,mse,20,13.188194298440484,6.925103053450584,2.1716582775115967,1.0587143898010254,0.7886123657226562,9.8773193359375,0.014962106943130493,0.9999623857194666,2.158912777900696
sorted_mlp,1,8,5853,64,-100,100,sum,True,10000,1000,1000,1.6217,328.7139587402344,-1501.0,1839.0,4.0,-20.0,3.2595133781433105,-8.512,331.5813293457031,-1277.0,1307.0,-21.0,-82.0,3.2679433822631836,-12.444,325.8233947753906,-1604.0,1354.0,-16.5,-169.0,3.2493245601654053,500,15,1e-09,0.001,64,999,0.005,10.0,False,True,sorted_mlp-diff-set-sizes-results.csv,mse,22,109.98138990219991,4.213622599840164,5.123472213745117,1.607854962348938,1.353179931640625,35.035888671875,3686392135680.0,0.9999517386011768,5.065912336111069
sorted_mlp,1,8,9053,128,-100,100,sum,True,10000,1000,1000,3.2755,463.7713928222656,-2223.0,2090.0,5.5,-17.0,3.9042789936065674,10.477,453.6002197265625,-1299.0,1770.0,11.0,-9.0,3.9142637252807617,23.394,465.7618408203125,-1456.0,1646.0,18.0,50.0,3.893270492553711,500,15,1e-09,0.001,64,999,0.005,10.0,False,True,sorted_mlp-diff-set-sizes-results.csv,mse,24,156.38452459444665,28.319623470306396,25.686046600341797,4.217264175415039,4.167174816131592,44.76190185546875,0.04709678143262863,0.9998815951693478,25.82209873199463
sorted_mlp,1,8,15453,256,-100,100,sum,True,10000,1000,1000,-5.8223,664.2755737304688,-3119.0,3006.0,-3.0,-81.0,4.569217205047607,-31.737,671.8216552734375,-2378.0,2766.0,-7.5,4.0,4.5792436599731445,17.971,672.8869018554688,-3073.0,2160.0,19.5,59.0,4.557127475738525,500,15,1e-09,0.001,64,999,0.005,10.0,False,True,sorted_mlp-diff-set-sizes-results.csv,mse,36,534.2154127959233,101.85464978218079,127.63150787353516,7.806916236877441,7.15826416015625,162.127197265625,30887758528512.0,0.9997181138295227,125.83700203895569
sorted_mlp,1,8,28253,512,-100,100,sum,True,10000,1000,1000,-17.0765,925.7799682617188,-4155.0,5248.0,-21.0,-327.0,5.2461652755737305,-43.212,924.5597534179688,-4749.0,2920.0,-33.0,-344.0,5.256960391998291,11.358,901.1575317382812,-3413.0,3631.0,10.0,-593.0,5.234511375427246,500,15,1e-09,0.001,64,999,0.005,10.0,False,True,sorted_mlp-diff-set-sizes-results.csv,mse,35,5004.806834810099,425.40368604660034,169.28346252441406,9.692523002624512,8.610931396484375,128.65664672851562,0.07118414342403412,0.9997915446378965,168.65306329727173
sorted_mlp,1,8,53853,1024,-100,100,sum,True,10000,1000,1000,-10.4372,1296.1431884765625,-5895.0,6564.0,1.0,-93.0,5.930337429046631,55.861,1275.5968017578125,-5437.0,4975.0,51.0,49.0,5.941123962402344,24.608,1288.4683837890625,-4442.0,5634.0,34.5,470.0,5.918388366699219,500,15,1e-09,0.001,64,999,0.005,10.0,False,True,sorted_mlp-diff-set-sizes-results.csv,mse,36,10325.635497269357,2682.173126220703,2697.22998046875,45.77254867553711,47.06021499633789,361.14013671875,261736363982848.0,0.9983753102469853,2692.3523712158203
sorted_mlp,1,8,3053,8,-100,100,largest_pair_sum,True,10000,1000,1000,75.0658,79.53218078613281,-192.0,200.0,90.0,136.0,1.5925837755203247,75.685,81.40717315673828,-166.0,199.0,93.0,164.0,1.5986740589141846,74.218,77.29283905029297,-177.0,199.0,86.5,160.0,1.58424711227417,500,15,1e-09,0.001,64,999,0.005,10.0,False,True,sorted_mlp-diff-set-sizes-results.csv,mse,76,42.987874125219456,40.55900087952614,22.089599609375,2.019070625305176,0.5560283660888672,31.54865264892578,6882366324736.0,0.9963024899398861,22.18710859119892
sorted_mlp,1,8,3453,16,-100,100,largest_pair_sum,True,10000,1000,1000,114.1782,73.13796997070312,-188.0,200.0,138.0,178.0,2.0844385623931885,113.741,73.07855987548828,-175.0,200.0,139.0,172.0,2.0934879779815674,114.195,72.97733306884766,-185.0,197.0,140.0,165.0,2.0792086124420166,500,15,1e-09,0.001,64,999,0.005,10.0,False,True,sorted_mlp-diff-set-sizes-results.csv,mse,93,29.44072199854881,28.211040943861008,30.694530487060547,1.7912663221359253,0.46596527099609375,67.30195617675781,13934221328384.0,0.9942365172507145,31.051689594984055
sorted_mlp,1,8,4253,32,-100,100,largest_pair_sum,True,10000,1000,1000,145.3082,60.88713836669922,-192.0,200.0,168.0,187.0,2.64734148979187,145.415,59.34016036987305,-142.0,200.0,167.0,183.0,2.655341386795044,144.24,64.46650695800781,-183.0,200.0,169.0,190.0,2.6367149353027344,500,15,1e-09,0.001,64,999,0.005,10.0,False,True,sorted_mlp-diff-set-sizes-results.csv,mse,115,17.752886486660902,28.92149841785431,27.379671096801758,1.3057492971420288,0.25489044189453125,68.54148864746094,0.04689958691596985,0.9934119031538233,29.541615560650826
sorted_mlp,1,8,5853,64,-100,100,largest_pair_sum,True,10000,1000,1000,166.9858,48.75082778930664,-177.0,200.0,184.0,196.0,3.2595133781433105,166.678,49.69617462158203,-100.0,200.0,183.0,195.0,3.2679433822631836,166.911,49.95020294189453,-138.0,200.0,184.0,196.0,3.2493245601654053,500,15,1e-09,0.001,64,999,0.005,10.0,False,True,sorted_mlp-diff-set-sizes-results.csv,mse,36,21.495657619397353,20.930358588695526,27.398914337158203,1.2547857761383057,0.32459259033203125,71.90601348876953,0.03937709704041481,0.9890185732803962,27.94336592592299
sorted_mlp,1,8,9053,128,-100,100,largest_pair_sum,True,10000,1000,1000,180.5755,36.544708251953125,-168.0,200.0,192.0,197.0,3.9042789936065674,180.332,38.92998504638672,-137.0,200.0,192.0,198.0,3.9142637252807617,181.054,36.078704833984375,-58.0,200.0,193.0,197.0,3.893270492553711,500,15,1e-09,0.001,64,999,0.005,10.0,False,True,sorted_mlp-diff-set-sizes-results.csv,mse,74,16.65015857804353,10.565237648785114,8.399827003479004,0.7758709788322449,0.40677642822265625,54.94207763671875,0.025583496317267418,0.9935468995821328,8.3518867790699
sorted_mlp,1,8,15453,256,-100,100,largest_pair_sum,True,10000,1000,1000,189.0781,27.223426818847656,-161.0,200.0,197.0,199.0,4.569217205047607,189.294,28.21934700012207,-132.0,200.0,196.0,200.0,4.5792436599731445,189.482,26.025211334228516,-69.0,200.0,197.0,200.0,4.557127475738525,500,15,1e-09,0.001,64,999,0.005,10.0,False,True,sorted_mlp-diff-set-sizes-results.csv,mse,45,19.142573533544116,12.302778109908104,7.424663066864014,1.648332953453064,1.2823104858398438,31.68251609802246,0.019434727728366852,0.9890380412719754,7.312851846218109
sorted_mlp,1,8,28253,512,-100,100,largest_pair_sum,True,10000,1000,1000,194.0764,20.195344924926758,-135.0,200.0,199.0,200.0,5.2461652755737305,194.526,19.37666893005371,-146.0,200.0,199.0,200.0,5.256960391998291,194.02,20.736623764038086,-151.0,200.0,199.0,200.0,5.234511375427246,500,15,1e-09,0.001,64,999,0.005,10.0,False,True,sorted_mlp-diff-set-sizes-results.csv,mse,56,22.058333797819294,7.234583631157875,20.653507232666016,2.235868215560913,1.8942489624023438,71.04991149902344,0.03072056546807289,0.9519694357413245,20.286989122629166
sorted_mlp,1,8,53853,1024,-100,100,largest_pair_sum,True,10000,1000,1000,196.9859,14.32714557647705,-105.0,200.0,200.0,200.0,5.930337429046631,197.252,11.745999336242676,53.0,200.0,200.0,200.0,5.941123962402344,196.938,12.339616775512695,38.0,200.0,200.0,200.0,5.918388366699219,500,15,1e-09,0.001,64,999,0.005,10.0,False,True,sorted_mlp-diff-set-sizes-results.csv,mse,25,15.334539932809818,5.053692042827606,4.885888576507568,1.5156850814819336,1.1100311279296875,21.259475708007812,0.008096440695226192,0.9679121829358593,4.837150424718857
sorted_mlp,1,8,3053,8,-100,100,largest_triple_sum,True,10000,1000,1000,75.4923,104.4447250366211,-268.0,293.0,81.0,128.0,1.5925837755203247,77.234,108.58082580566406,-252.0,295.0,84.0,90.0,1.5986740589141846,72.882,103.1309814453125,-269.0,294.0,75.0,175.0,1.58424711227417,500,15,1e-09,0.001,64,999,0.005,10.0,False,True,sorted_mlp-diff-set-sizes-results.csv,mse,112,91.50598691223533,111.03860330581665,85.78193664550781,4.281739711761475,1.4925346374511719,87.43975067138672,10173063102464.0,0.9919347560196421,84.24094498157501
sorted_mlp,1,8,3453,16,-100,100,largest_triple_sum,True,10000,1000,1000,141.5961,107.01322937011719,-281.0,297.0,171.0,238.0,2.0844385623931885,140.128,107.00485229492188,-260.0,295.0,169.5,210.0,2.0934879779815674,140.004,107.251708984375,-238.0,293.0,172.0,230.0,2.0792086124420166,500,15,1e-09,0.001,64,999,0.005,10.0,False,True,sorted_mlp-diff-set-sizes-results.csv,mse,83,67.18339375477687,69.52139395475388,81.97689056396484,4.024787902832031,1.4189682006835938,71.64109802246094,62762063495168.0,0.9928733897490736,80.31279093027115
sorted_mlp,1,8,4253,32,-100,100,largest_triple_sum,True,10000,1000,1000,196.1354,96.10108184814453,-263.0,300.0,233.0,258.0,2.64734148979187,195.378,96.5455551147461,-182.0,299.0,231.0,253.0,2.655341386795044,196.062,99.8668212890625,-183.0,298.0,235.0,247.0,2.6367149353027344,500,15,1e-09,0.001,64,999,0.005,10.0,False,True,sorted_mlp-diff-set-sizes-results.csv,mse,106,43.58978187886014,44.64517283439636,49.519927978515625,2.069361925125122,0.497039794921875,114.4846420288086,0.0718122199177742,0.9950347909099813,49.019308269023895
sorted_mlp,1,8,5853,64,-100,100,largest_triple_sum,True,10000,1000,1000,236.6306,79.68785858154297,-255.0,300.0,266.0,282.0,3.2595133781433105,236.394,78.97305297851562,-137.0,299.0,265.0,278.0,3.2679433822631836,236.067,81.19782257080078,-226.0,300.0,267.0,286.0,3.2493245601654053,500,15,1e-09,0.001,64,999,0.005,10.0,False,True,sorted_mlp-diff-set-sizes-results.csv,mse,85,33.348006640270256,43.34631851315498,42.18662643432617,1.9051909446716309,0.5711669921875,80.7890625,0.04810706153512001,0.9936013849803873,43.396316692233086
sorted_mlp,1,8,9053,128,-100,100,largest_triple_sum,True,10000,1000,1000,262.2269,61.54435348510742,-248.0,300.0,284.0,293.0,3.9042789936065674,262.768,61.745704650878906,-187.0,300.0,284.0,291.0,3.9142637252807617,262.752,61.87697982788086,-142.0,300.0,284.0,292.0,3.893270492553711,500,15,1e-09,0.001,64,999,0.005,10.0,False,True,sorted_mlp-diff-set-sizes-results.csv,mse,98,27.31299875078687,20.094784155488014,17.930086135864258,1.493222713470459,0.9854736328125,84.50658416748047,0.04376193881034851,0.995316999951734,17.786666095256805
sorted_mlp,1,8,15453,256,-100,100,largest_triple_sum,True,10000,1000,1000,278.5391,46.281734466552734,-161.0,300.0,292.0,298.0,4.569217205047607,279.257,46.7182731628418,-226.0,300.0,292.0,297.0,4.5792436599731445,279.32,44.48880386352539,-81.0,300.0,292.0,298.0,4.557127475738525,500,15,1e-09,0.001,64,999,0.005,10.0,False,True,sorted_mlp-diff-set-sizes-results.csv,mse,82,30.68028134980779,25.25760670006275,14.5084228515625,1.216550588607788,0.6696510314941406,83.28629302978516,0.00947611965239048,0.9926697507387275,14.264950696378946
sorted_mlp,1,8,28253,512,-100,100,largest_triple_sum,True,10000,1000,1000,288.0848,34.949127197265625,-210.0,300.0,297.0,300.0,5.2461652755737305,289.193,30.922771453857422,-146.0,300.0,297.0,300.0,5.256960391998291,288.008,36.27241516113281,-151.0,300.0,297.0,300.0,5.234511375427246,500,15,1e-09,0.001,64,999,0.005,10.0,False,True,sorted_mlp-diff-set-sizes-results.csv,mse,41,32.1512877880388,10.034184098243713,15.667980194091797,2.4200527667999268,1.992095947265625,53.152931213378906,0.015742817893624306,0.988091415872243,15.434476435184479
sorted_mlp,1,8,53853,1024,-100,100,largest_triple_sum,True,10000,1000,1000,293.887,24.73123550415039,-106.0,300.0,299.0,300.0,5.930337429046631,294.253,21.396892547607422,53.0,300.0,299.0,300.0,5.941123962402344,293.769,22.891651153564453,-2.0,300.0,299.0,300.0,5.918388366699219,500,15,1e-09,0.001,64,999,0.005,10.0,False,True,sorted_mlp-diff-set-sizes-results.csv,mse,28,58.84875462768944,12.5520339012146,12.1299467086792,2.4071669578552246,1.71124267578125,27.490018844604492,0.028865711763501167,0.976852469333364,12.025611817836761
sorted_mlp,1,8,3053,8,-100,100,sum,True,10000,1000,1000,0.2476,123.69119262695312,-462.0,581.0,0.0,0.0,1.5997881889343262,3.083,125.99221801757812,-479.0,419.0,5.0,83.0,1.594311237335205,2.186,121.25383758544922,-437.0,356.0,2.5,53.0,1.567077875137329,500,15,1e-09,0.001,64,9999,0.005,10.0,False,True,sorted_mlp-diff-set-sizes-results.csv,mse,30,0.4672341588291393,0.16954537900164723,0.15908236801624298,0.27076512575149536,0.1715087890625,2.25238037109375,1356635570176.0,0.9999891799058611,0.1576374238356948
sorted_mlp,1,8,3453,16,-100,100,sum,True,10000,1000,1000,1.6921,169.63304138183594,-712.0,777.0,1.0,-16.0,2.0936684608459473,3.516,175.38217163085938,-580.0,700.0,7.5,-98.0,2.084343671798706,6.015,165.1105499267578,-629.0,625.0,4.0,-36.0,2.0506536960601807,500,15,1e-09,0.001,64,9999,0.005,10.0,False,True,sorted_mlp-diff-set-sizes-results.csv,mse,34,1.948439666704767,0.519634323194623,0.3878768980503082,0.4689483642578125,0.3916740417480469,5.45263671875,1617205657600.0,0.9999857719852938,0.3853276567533612
sorted_mlp,1,8,4253,32,-100,100,sum,True,10000,1000,1000,4.7351,236.21917724609375,-1105.0,1047.0,3.0,60.0,2.6590332984924316,10.153,232.88665771484375,-755.0,1050.0,12.0,-29.0,2.645707130432129,11.072,232.979248046875,-753.0,912.0,12.0,-77.0,2.6042444705963135,500,15,1e-09,0.001,64,9999,0.005,10.0,False,True,sorted_mlp-diff-set-sizes-results.csv,mse,26,24.679646782814316,4.972262889146805,2.619680166244507,1.1234524250030518,0.90374755859375,19.3330078125,1458014126080.0,0.9999517370552685,2.613925851881504
sorted_mlp,1,8,5853,64,-100,100,sum,True,10000,1000,1000,8.0652,333.1551208496094,-1490.0,1357.0,6.0,-32.0,3.272526979446411,14.46,318.3759765625,-1389.0,1287.0,8.0,-88.0,3.259382724761963,-23.237,318.2323303222656,-1140.0,1280.0,-28.0,-113.0,3.2113852500915527,500,15,1e-09,0.001,64,9999,0.005,10.0,False,True,sorted_mlp-diff-set-sizes-results.csv,mse,43,49.092170783668564,5.8332889676094055,5.343584060668945,1.6506701707839966,1.2272186279296875,14.614501953125,0.028565753251314163,0.9999472352386921,5.34827321767807
sorted_mlp,1,8,9053,128,-100,100,sum,True,10000,1000,1000,5.6636,467.25445556640625,-2160.0,2465.0,3.0,-70.0,3.9188179969787598,0.675,466.99554443359375,-1642.0,1605.0,2.0,134.0,3.9052016735076904,-20.821,467.2662658691406,-2205.0,2270.0,-8.5,-93.0,3.8526508808135986,500,15,1e-09,0.001,64,9999,0.005,10.0,False,True,sorted_mlp-diff-set-sizes-results.csv,mse,26,139.84161626001833,37.89544212818146,50.67524337768555,4.9891180992126465,4.671417236328125,88.8984375,17276676866048.0,0.9997679043683497,50.11410617828369
sorted_mlp,1,8,15453,256,-100,100,sum,True,10000,1000,1000,8.5688,658.2222900390625,-2977.0,2807.0,10.5,82.0,4.585146903991699,-13.99,657.5377807617188,-2427.0,2726.0,-4.5,-203.0,4.570905685424805,-0.136,653.9674072265625,-3235.0,2814.0,-2.0,-92.0,4.513640880584717,500,15,1e-09,0.001,64,9999,0.005,10.0,False,True,sorted_mlp-diff-set-sizes-results.csv,mse,31,559.093159961093,119.45424032211304,149.23365783691406,9.824857711791992,9.690811157226562,163.62060546875,0.10396891087293625,0.9996510569723099,147.8478856086731
sorted_mlp,1,8,28253,512,-100,100,sum,True,10000,1000,1000,9.4478,926.3839721679688,-4383.0,4000.0,15.0,83.0,5.262914657592773,-4.427,853.06640625,-2676.0,3315.0,-45.5,-232.0,5.2481865882873535,-34.513,941.53955078125,-3059.0,3288.0,-33.0,-93.0,5.188929557800293,500,15,1e-09,0.001,64,9999,0.005,10.0,False,True,sorted_mlp-diff-set-sizes-results.csv,mse,29,2307.419126474174,159.84333419799805,296.80645751953125,9.859827995300293,6.263845920562744,166.4769287109375,68328227864576.0,0.9996651916977071,293.4393787384033
sorted_mlp,1,8,53853,1024,-100,100,sum,True,10000,1000,1000,4.6702,1318.706298828125,-6675.0,5382.0,-5.5,524.0,5.947558879852295,18.271,1291.6990966796875,-4537.0,3959.0,-11.5,-139.0,5.93290901184082,-27.094,1366.7401123046875,-4950.0,4713.0,-29.5,-220.0,5.871810436248779,500,15,1e-09,0.001,64,9999,0.005,10.0,False,True,sorted_mlp-diff-set-sizes-results.csv,mse,29,24702.150814372264,2723.9518432617188,2488.62939453125,44.74473571777344,47.83941650390625,393.360107421875,180835068149760.0,0.9986677418352904,2483.4603271484375
sorted_mlp,1,8,3053,8,-100,100,largest_pair_sum,True,10000,1000,1000,74.976,79.04420471191406,-192.0,200.0,90.0,133.0,1.5997881889343262,75.384,79.13793182373047,-187.0,196.0,89.0,145.0,1.594311237335205,74.423,79.57342529296875,-178.0,199.0,88.0,161.0,1.567077875137329,500,15,1e-09,0.001,64,9999,0.005,10.0,False,True,sorted_mlp-diff-set-sizes-results.csv,mse,69,49.75383415039937,34.85044479370117,68.40377044677734,3.286619186401367,1.2799644470214844,85.56886291503906,0.14487908780574799,0.9891970111704064,67.1845255792141
sorted_mlp,1,8,3453,16,-100,100,largest_pair_sum,True,10000,1000,1000,115.1383,72.48389434814453,-190.0,200.0,139.0,182.0,2.0936684608459473,113.523,73.30549621582031,-143.0,200.0,138.0,173.0,2.084343671798706,109.662,77.09681701660156,-169.0,199.0,136.0,171.0,2.0506536960601807,500,15,1e-09,0.001,64,9999,0.005,10.0,False,True,sorted_mlp-diff-set-sizes-results.csv,mse,95,32.84398939806944,36.37042327225208,36.100467681884766,2.4210550785064697,0.7567024230957031,58.20610427856445,47752260091904.0,0.9939264877879853,35.63510990142822
sorted_mlp,1,8,4253,32,-100,100,largest_pair_sum,True,10000,1000,1000,146.0833,61.10477066040039,-194.0,200.0,169.0,188.0,2.6590332984924316,144.463,63.034915924072266,-187.0,200.0,168.0,186.0,2.645707130432129,142.63,64.82242584228516,-158.0,200.0,167.0,191.0,2.6042444705963135,500,15,1e-09,0.001,64,9999,0.005,10.0,False,True,sorted_mlp-diff-set-sizes-results.csv,mse,116,17.595714702727687,9.230868548154831,23.220380783081055,1.366117238998413,0.4066581726074219,65.77044677734375,82959038152704.0,0.9944738999388794,22.910721100866795
sorted_mlp,1,8,5853,64,-100,100,largest_pair_sum,True,10000,1000,1000,167.2341,48.449398040771484,-190.0,200.0,184.0,192.0,3.272526979446411,166.761,47.979454040527344,-112.0,200.0,185.0,195.0,3.259382724761963,163.349,53.857452392578125,-164.0,200.0,183.0,188.0,3.2113852500915527,500,15,1e-09,0.001,64,9999,0.005,10.0,False,True,sorted_mlp-diff-set-sizes-results.csv,mse,91,22.714284630717746,14.401475561782718,21.293413162231445,1.3725024461746216,0.6125030517578125,52.113162994384766,129285159387136.0,0.9926590259428604,21.769054144620895
sorted_mlp,1,8,9053,128,-100,100,largest_pair_sum,True,10000,1000,1000,180.9813,36.32682800292969,-171.0,200.0,192.0,198.0,3.9188179969787598,179.493,41.257774353027344,-165.0,200.0,193.0,196.0,3.9052016735076904,177.684,40.52034378051758,-126.0,200.0,192.0,197.0,3.8526508808135986,500,15,1e-09,0.001,64,9999,0.005,10.0,False,True,sorted_mlp-diff-set-sizes-results.csv,mse,28,27.05118889603645,37.799062341451645,24.225358963012695,2.055673599243164,1.5203323364257812,71.0698013305664,0.052987053990364075,0.9852455164634746,23.80495834350586
sorted_mlp,1,8,15453,256,-100,100,largest_pair_sum,True,10000,1000,1000,189.476,27.08444595336914,-164.0,200.0,197.0,200.0,4.585146903991699,189.717,22.935800552368164,-51.0,200.0,196.0,199.0,4.570905685424805,187.885,28.734643936157227,-96.0,200.0,197.0,200.0,4.513640880584717,500,15,1e-09,0.001,64,9999,0.005,10.0,False,True,sorted_mlp-diff-set-sizes-results.csv,mse,30,28.84121411013755,11.725180365145206,6.358368396759033,1.1813298463821411,0.8574676513671875,44.94458770751953,0.009397760964930058,0.9922992319058619,6.252846330404282
sorted_mlp,1,8,28253,512,-100,100,largest_pair_sum,True,10000,1000,1000,194.5319,17.772994995117188,-130.0,200.0,199.0,200.0,5.262914657592773,194.641,17.692657470703125,-61.0,200.0,199.0,200.0,5.2481865882873535,193.632,19.781368255615234,-55.0,200.0,199.0,200.0,5.188929557800293,500,15,1e-09,0.001,64,9999,0.005,10.0,False,True,sorted_mlp-diff-set-sizes-results.csv,mse,58,24.852258821201932,4.582587294280529,5.459547519683838,1.1797703504562378,0.890838623046875,39.46110916137695,0.019858067855238914,0.9860477619576222,5.388821870088577
sorted_mlp,1,8,53853,1024,-100,100,largest_pair_sum,True,10000,1000,1000,197.3844,12.845436096191406,-118.0,200.0,200.0,200.0,5.947558879852295,197.346,9.396822929382324,86.0,200.0,200.0,200.0,5.93290901184082,196.543,16.000503540039062,-117.0,200.0,200.0,200.0,5.871810436248779,500,15,1e-09,0.001,64,9999,0.005,10.0,False,True,sorted_mlp-diff-set-sizes-results.csv,mse,46,15.655326466651479,3.5446279644966125,12.132640838623047,1.5621517896652222,1.103759765625,77.57316589355469,0.011153506115078926,0.9526098676618242,11.95705597102642
sorted_mlp,1,8,3053,8,-100,100,largest_triple_sum,True,10000,1000,1000,75.0161,105.22547149658203,-265.0,293.0,80.0,98.0,1.5997881889343262,77.327,104.98583221435547,-187.0,288.0,82.0,215.0,1.594311237335205,74.562,106.44507598876953,-219.0,291.0,80.0,196.0,1.567077875137329,500,15,1e-09,0.001,64,9999,0.005,10.0,False,True,sorted_mlp-diff-set-sizes-results.csv,mse,91,95.03191523946774,76.36379837989807,84.3708724975586,4.600944519042969,1.6032485961914062,84.46643829345703,27727128166400.0,0.9925536849184992,84.20067977905273
sorted_mlp,1,8,3453,16,-100,100,largest_triple_sum,True,10000,1000,1000,142.7771,106.70328521728516,-251.0,299.0,173.0,246.0,2.0936684608459473,140.295,108.40542602539062,-230.0,292.0,171.0,202.0,2.084343671798706,135.732,110.3702163696289,-222.0,295.0,166.0,183.0,2.0506536960601807,500,15,1e-09,0.001,64,9999,0.005,10.0,False,True,sorted_mlp-diff-set-sizes-results.csv,mse,186,51.343181789301006,41.613781809806824,61.633148193359375,2.9887959957122803,0.6955900192260742,67.94973754882812,0.16033828258514404,0.9949404655514519,60.215847842395306
sorted_mlp,1,8,4253,32,-100,100,largest_triple_sum,True,10000,1000,1000,198.1175,95.78462219238281,-266.0,300.0,235.0,265.0,2.6590332984924316,196.888,96.15438842773438,-204.0,297.0,235.0,269.0,2.645707130432129,191.864,100.89935302734375,-193.0,299.0,230.0,274.0,2.6042444705963135,500,15,1e-09,0.001,64,9999,0.005,10.0,False,True,sorted_mlp-diff-set-sizes-results.csv,mse,68,51.29956709807086,44.97993275523186,70.33671569824219,2.9936511516571045,0.7846603393554688,72.74693298339844,261799916077056.0,0.9930911575078314,69.56847560405731
sorted_mlp,1,8,5853,64,-100,100,largest_triple_sum,True,10000,1000,1000,236.9494,79.68901824951172,-234.0,300.0,266.0,283.0,3.272526979446411,235.512,81.21308898925781,-175.0,300.0,267.0,285.0,3.259382724761963,230.846,85.80364227294922,-164.0,300.0,265.0,281.0,3.2113852500915527,500,15,1e-09,0.001,64,9999,0.005,10.0,False,True,sorted_mlp-diff-set-sizes-results.csv,mse,106,31.690914346913623,35.8462330698967,45.25703430175781,1.740203619003296,0.32225799560546875,90.50119018554688,0.0769493579864502,0.993852837786406,45.028259724378586
sorted_mlp,1,8,9053,128,-100,100,largest_triple_sum,True,10000,1000,1000,262.8478,61.38759994506836,-215.0,300.0,284.0,293.0,3.9188179969787598,260.945,67.52630615234375,-249.0,300.0,285.0,295.0,3.9052016735076904,257.501,67.98885345458984,-209.0,300.0,283.0,296.0,3.8526508808135986,500,15,1e-09,0.001,64,9999,0.005,10.0,False,True,sorted_mlp-diff-set-sizes-results.csv,mse,93,29.125242500168504,48.01172998547554,50.467655181884766,2.9849588871002197,2.340118408203125,130.82733154296875,0.050377875566482544,0.9890821361161769,49.51937085390091
sorted_mlp,1,8,15453,256,-100,100,largest_triple_sum,True,10000,1000,1000,279.1997,45.885990142822266,-223.0,300.0,293.0,298.0,4.585146903991699,278.86,42.708621978759766,-136.0,300.0,292.0,298.0,4.570905685424805,276.217,49.45183181762695,-147.0,300.0,292.0,296.0,4.513640880584717,500,15,1e-09,0.001,64,9999,0.005,10.0,False,True,sorted_mlp-diff-set-sizes-results.csv,mse,54,36.4417758291694,26.88287626206875,23.218414306640625,1.4891232252120972,0.7762298583984375,74.40947723388672,0.04009288549423218,0.9905055954235324,22.817499950528145
sorted_mlp,1,8,28253,512,-100,100,largest_triple_sum,True,10000,1000,1000,288.9169,31.750165939331055,-196.0,300.0,297.0,300.0,5.262914657592773,289.153,30.974498748779297,-104.0,300.0,297.0,300.0,5.2481865882873535,287.281,34.6949577331543,-126.0,300.0,297.0,300.0,5.188929557800293,500,15,1e-09,0.001,64,9999,0.005,10.0,False,True,sorted_mlp-diff-set-sizes-results.csv,mse,40,55.81818405230334,14.102037593722343,12.498076438903809,1.8223627805709839,1.28997802734375,69.58509826660156,0.01816491037607193,0.9896172978992056,12.359111532568932
sorted_mlp,1,8,53853,1024,-100,100,largest_triple_sum,True,10000,1000,1000,294.6272,22.093156814575195,-186.0,300.0,299.0,300.0,5.947558879852295,294.602,17.149505615234375,86.0,300.0,299.0,300.0,5.93290901184082,293.176,26.449064254760742,-117.0,300.0,299.0,300.0,5.871810436248779,500,15,1e-09,0.001,64,9999,0.005,10.0,False,True,sorted_mlp-diff-set-sizes-results.csv,mse,29,35.56554267057188,8.245940566062927,29.738195419311523,2.4630305767059326,1.8170623779296875,119.59673309326172,0.025998735800385475,0.9574897179343181,29.166392594575882
sorted_mlp,1,8,3053,8,-100,100,sum,True,10000,1000,1000,-1.9675,122.21654510498047,-512.0,481.0,-2.0,-34.0,1.594286322593689,-8.979,122.18008422851562,-410.0,447.0,-8.0,-17.0,1.615328073501587,7.046,129.20533752441406,-415.0,459.0,9.0,-7.0,1.6287792921066284,500,15,1e-09,0.001,64,99999,0.005,10.0,False,True,sorted_mlp-diff-set-sizes-results.csv,mse,33,0.46384634056193813,0.13185864547267556,0.1620406210422516,0.26936185359954834,0.16573762893676758,3.034210205078125,1617611325440.0,0.9999902934919266,0.16398666193708777
sorted_mlp,1,8,3453,16,-100,100,sum,True,10000,1000,1000,-2.6293,169.00682067871094,-681.0,757.0,-2.5,-25.0,2.0874500274658203,-4.232,173.78578186035156,-558.0,668.0,-3.0,-65.0,2.113555908203125,0.577,179.67576599121094,-595.0,684.0,-4.0,-38.0,2.126591205596924,500,15,1e-09,0.001,64,99999,0.005,10.0,False,True,sorted_mlp-diff-set-sizes-results.csv,mse,32,0.9622468168188811,0.4969184510409832,0.547092616558075,0.5386707186698914,0.4100379943847656,5.00762939453125,728584421376.0,0.9999830534318569,0.5442491583526134
sorted_mlp,1,8,4253,32,-100,100,sum,True,10000,1000,1000,-6.4314,229.49392700195312,-1137.0,997.0,-4.0,22.0,2.6502907276153564,-4.255,240.27586364746094,-866.0,855.0,5.5,-80.0,2.6810243129730225,1.923,231.71583557128906,-1015.0,1029.0,11.0,-36.0,2.6957993507385254,500,15,1e-09,0.001,64,99999,0.005,10.0,False,True,sorted_mlp-diff-set-sizes-results.csv,mse,28,31.189013397617703,3.1895566880702972,12.940558433532715,1.4533464908599854,1.2611970901489258,99.35467529296875,5342336385024.0,0.9997589864165733,18.475955545902252
sorted_mlp,1,8,5853,64,-100,100,sum,True,10000,1000,1000,-8.7399,326.6032409667969,-1663.0,1287.0,-2.0,29.0,3.263730049133301,-1.435,326.71234130859375,-1075.0,1253.0,-7.0,-125.0,3.299808979034424,-4.197,330.72119140625,-1186.0,1184.0,5.0,-250.0,3.3115434646606445,500,15,1e-09,0.001,64,99999,0.005,10.0,False,True,sorted_mlp-diff-set-sizes-results.csv,mse,23,26.46847850350058,9.589513406157494,7.08182430267334,1.8027085065841675,1.404296875,41.949188232421875,14247197147136.0,0.9999352527916799,7.052409470081329
sorted_mlp,1,8,9053,128,-100,100,sum,True,10000,1000,1000,-7.8938,454.631103515625,-2053.0,2019.0,0.0,13.0,3.9093000888824463,20.031,473.49700927734375,-1565.0,2144.0,33.0,46.0,3.9482314586639404,5.884,445.41802978515625,-1997.0,1372.0,6.0,-215.0,3.958667516708374,500,15,1e-09,0.001,64,99999,0.005,10.0,False,True,sorted_mlp-diff-set-sizes-results.csv,mse,37,140.99233298089095,25.899363934993744,12.580449104309082,2.3843119144439697,1.9933280944824219,44.072021484375,0.028575293719768524,0.9999365895919649,13.142961949110031
sorted_mlp,1,8,15453,256,-100,100,sum,True,10000,1000,1000,-3.4567,647.6220092773438,-3215.0,3244.0,-6.0,165.0,4.57519006729126,3.191,667.6417236328125,-2166.0,2751.0,-5.0,-524.0,4.614556312561035,-29.347,656.8368530273438,-2300.0,2200.0,-21.5,-263.0,4.62540864944458,500,15,1e-09,0.001,64,99999,0.005,10.0,False,True,sorted_mlp-diff-set-sizes-results.csv,mse,33,594.5095476041174,151.20509672164917,112.52729034423828,9.842818260192871,10.130477905273438,27.30322265625,34853741395968.0,0.999739178866462,112.48462438583374
sorted_mlp,1,8,28253,512,-100,100,sum,True,10000,1000,1000,-2.768,914.7172241210938,-5398.0,4376.0,-2.0,25.0,5.252865791320801,-22.24,917.8004150390625,-3371.0,2901.0,-33.0,-278.0,5.292989253997803,-23.788,955.3358154296875,-3160.0,4104.0,-5.0,-974.0,5.302632808685303,500,15,1e-09,0.001,64,99999,0.005,10.0,False,True,sorted_mlp-diff-set-sizes-results.csv,mse,33,2431.976372785629,332.5230875015259,367.9371337890625,15.445270538330078,12.251220703125,231.6708984375,73208539643904.0,0.9995968547683294,368.2053108215332
sorted_mlp,1,8,53853,1024,-100,100,sum,True,10000,1000,1000,-14.4594,1301.0670166015625,-7921.0,5675.0,-10.0,421.0,5.937529563903809,63.929,1291.3160400390625,-4655.0,4746.0,38.0,413.0,5.9778828620910645,-26.312,1305.6240234375,-5643.0,4508.0,-16.0,-242.0,5.986629486083984,500,15,1e-09,0.001,64,99999,0.005,10.0,False,True,sorted_mlp-diff-set-sizes-results.csv,mse,20,23194.19855941481,1333.220718383789,1020.1895141601562,21.435869216918945,17.0955810546875,285.6341552734375,0.09896402060985565,0.9994015269706855,1012.3026351928711
sorted_mlp,1,8,3053,8,-100,100,largest_pair_sum,True,10000,1000,1000,73.6922,79.6436538696289,-198.0,200.0,88.0,142.0,1.594286322593689,74.621,78.26410675048828,-199.0,197.0,87.5,116.0,1.615328073501587,79.535,78.05553436279297,-171.0,199.0,94.0,148.0,1.6287792921066284,500,15,1e-09,0.001,64,99999,0.005,10.0,False,True,sorted_mlp-diff-set-sizes-results.csv,mse,101,46.856483032748955,60.194732308387756,43.010379791259766,2.500810146331787,0.5145339965820312,71.82556915283203,0.1633404940366745,0.9929406319047391,42.32862389087677
sorted_mlp,1,8,3453,16,-100,100,largest_pair_sum,True,10000,1000,1000,114.7694,71.4880599975586,-181.0,200.0,138.0,180.0,2.0874500274658203,116.157,71.90987396240234,-172.0,200.0,139.5,186.0,2.113555908203125,117.864,72.41976928710938,-159.0,200.0,142.5,168.0,2.126591205596924,500,15,1e-09,0.001,64,99999,0.005,10.0,False,True,sorted_mlp-diff-set-sizes-results.csv,mse,116,27.5112644464347,17.895165495574474,21.864843368530273,1.4392520189285278,0.5487060546875,74.1713638305664,4618006298624.0,0.9958309981107455,21.791764825582504
sorted_mlp,1,8,4253,32,-100,100,largest_pair_sum,True,10000,1000,1000,145.4051,60.602176666259766,-191.0,200.0,168.0,188.0,2.6502907276153564,147.348,60.1873664855957,-156.0,200.0,171.0,186.0,2.6810243129730225,149.13,56.73710632324219,-138.0,200.0,170.0,190.0,2.6957993507385254,500,15,1e-09,0.001,64,99999,0.005,10.0,False,True,sorted_mlp-diff-set-sizes-results.csv,mse,109,17.103569495829806,19.192999131977558,21.185707092285156,1.069115400314331,0.39392852783203125,89.03884887695312,0.0510832816362381,0.9934187466231085,21.02131198346615
sorted_mlp,1,8,5853,64,-100,100,largest_pair_sum,True,10000,1000,1000,167.0106,48.34913635253906,-177.0,200.0,184.0,194.0,3.263730049133301,169.854,44.30158615112305,-87.0,200.0,185.0,196.0,3.299808979034424,169.144,45.72589111328125,-189.0,200.0,184.0,192.0,3.3115434646606445,500,15,1e-09,0.001,64,99999,0.005,10.0,False,True,sorted_mlp-diff-set-sizes-results.csv,mse,50,17.922342342745726,10.992838256061077,23.086536407470703,1.5666601657867432,0.9814529418945312,65.38833618164062,203960648466432.0,0.9889583389938942,22.593994669616222
sorted_mlp,1,8,9053,128,-100,100,largest_pair_sum,True,10000,1000,1000,180.9722,36.32414245605469,-190.0,200.0,192.0,198.0,3.9093000888824463,181.707,35.00344467163086,-114.0,200.0,193.0,195.0,3.9482314586639404,181.839,35.72314453125,-99.0,200.0,193.0,199.0,3.958667516708374,500,15,1e-09,0.001,64,99999,0.005,10.0,False,True,sorted_mlp-diff-set-sizes-results.csv,mse,72,17.31954146836214,7.76913967449218,11.489407539367676,0.7512706518173218,0.25942230224609375,51.298728942871094,32412157345792.0,0.9909967716562019,11.222291953396052
sorted_mlp,1,8,15453,256,-100,100,largest_pair_sum,True,10000,1000,1000,189.4002,26.80315399169922,-154.0,200.0,197.0,199.0,4.57519006729126,190.003,25.023448944091797,-95.0,200.0,197.0,200.0,4.614556312561035,189.782,28.205503463745117,-67.0,200.0,197.0,199.0,4.62540864944458,500,15,1e-09,0.001,64,99999,0.005,10.0,False,True,sorted_mlp-diff-set-sizes-results.csv,mse,27,15.930860367550212,6.063667312264442,21.46761131286621,1.664032220840454,1.0224533081054688,78.20704650878906,0.022722305729985237,0.9730153978774146,21.038650207221508
sorted_mlp,1,8,28253,512,-100,100,largest_pair_sum,True,10000,1000,1000,194.5274,17.93767738342285,-136.0,200.0,199.0,200.0,5.252865791320801,194.52,19.160053253173828,-54.0,200.0,199.0,200.0,5.292989253997803,193.62,24.898305892944336,-124.0,200.0,199.0,200.0,5.302632808685303,500,15,1e-09,0.001,64,99999,0.005,10.0,False,True,sorted_mlp-diff-set-sizes-results.csv,mse,40,19.2008227557893,6.229976736009121,13.091780662536621,1.4601819515228271,0.9660263061523438,71.80903625488281,0.011486233212053776,0.9788816890246717,12.821171395480633
sorted_mlp,1,8,53853,1024,-100,100,largest_pair_sum,True,10000,1000,1000,197.2772,13.404655456542969,-160.0,200.0,200.0,200.0,5.937529563903809,197.498,11.995664596557617,-59.0,200.0,200.0,200.0,5.9778828620910645,197.219,12.392056465148926,25.0,200.0,200.0,200.0,5.986629486083984,500,15,1e-09,0.001,64,99999,0.005,10.0,False,True,sorted_mlp-diff-set-sizes-results.csv,mse,48,18.699524083714575,3.0046092569828033,9.402181625366211,1.4445526599884033,0.9830093383789062,60.27488327026367,0.010547599755227566,0.9387731385686079,9.279582604765892
sorted_mlp,1,8,3053,8,-100,100,largest_triple_sum,True,10000,1000,1000,73.4154,105.2630615234375,-290.0,291.0,79.0,95.0,1.594286322593689,73.649,104.05137634277344,-228.0,292.0,78.0,11.0,1.615328073501587,82.077,104.54291534423828,-250.0,291.0,87.0,142.0,1.6287792921066284,500,15,1e-09,0.001,64,99999,0.005,10.0,False,True,sorted_mlp-diff-set-sizes-results.csv,mse,105,91.48916753538096,123.38650715351105,95.07101440429688,4.65106725692749,1.2979373931884766,85.41961669921875,27763184500736.0,0.9913012081663799,94.75895178318024
sorted_mlp,1,8,3453,16,-100,100,largest_triple_sum,True,10000,1000,1000,141.4102,105.61695861816406,-245.0,298.0,170.0,217.0,2.0874500274658203,143.044,106.63481903076172,-198.0,295.0,174.0,193.0,2.113555908203125,146.817,107.17716979980469,-222.0,297.0,181.0,206.0,2.126591205596924,500,15,1e-09,0.001,64,99999,0.005,10.0,False,True,sorted_mlp-diff-set-sizes-results.csv,mse,75,83.430054108808,58.12075388431549,70.55203247070312,3.3672685623168945,0.9402313232421875,106.83627319335938,18983862403072.0,0.9938580685256,69.96957683563232
sorted_mlp,1,8,4253,32,-100,100,largest_triple_sum,True,10000,1000,1000,196.4958,95.42882537841797,-216.0,300.0,232.0,262.0,2.6502907276153564,200.395,94.05077362060547,-171.0,298.0,235.0,269.0,2.6810243129730225,202.509,90.33731842041016,-174.0,297.0,235.5,273.0,2.6957993507385254,500,15,1e-09,0.001,64,99999,0.005,10.0,False,True,sorted_mlp-diff-set-sizes-results.csv,mse,110,33.31683566919558,32.503813564777374,31.845577239990234,2.177485466003418,0.993621826171875,69.99773406982422,0.12872949242591858,0.9960977534453288,33.02705055475235
sorted_mlp,1,8,5853,64,-100,100,largest_triple_sum,True,10000,1000,1000,236.5512,78.92879486083984,-218.0,300.0,266.0,291.0,3.263730049133301,240.738,74.13262176513672,-144.0,300.0,269.0,287.0,3.299808979034424,241.003,73.31581115722656,-189.0,300.0,268.0,276.0,3.3115434646606445,500,15,1e-09,0.001,64,99999,0.005,10.0,False,True,sorted_mlp-diff-set-sizes-results.csv,mse,68,40.34927132289121,33.74705110490322,22.558862686157227,1.4942938089370728,0.6287002563476562,51.84894943237305,25227176181760.0,0.9958031652538658,22.05933552235365
sorted_mlp,1,8,9053,128,-100,100,largest_triple_sum,True,10000,1000,1000,262.725,61.4194221496582,-238.0,300.0,284.0,293.0,3.9093000888824463,264.706,58.4589729309082,-128.0,300.0,285.0,291.0,3.9482314586639404,265.407,58.51609802246094,-186.0,300.0,286.0,287.0,3.958667516708374,500,15,1e-09,0.001,64,99999,0.005,10.0,False,True,sorted_mlp-diff-set-sizes-results.csv,mse,59,38.04599564432338,20.569620050489902,25.950090408325195,1.7113655805587769,0.956390380859375,83.29069519042969,375107948118016.0,0.9924214132345752,25.53761611878872
sorted_mlp,1,8,15453,256,-100,100,largest_triple_sum,True,10000,1000,1000,278.9119,46.06575012207031,-238.0,300.0,293.0,297.0,4.57519006729126,280.233,42.69187927246094,-152.0,300.0,293.0,297.0,4.614556312561035,279.754,49.14272689819336,-136.0,300.0,293.0,297.0,4.62540864944458,500,15,1e-09,0.001,64,99999,0.005,10.0,False,True,sorted_mlp-diff-set-sizes-results.csv,mse,65,41.12082335144092,12.945415131747723,14.809932708740234,1.3022425174713135,0.746734619140625,69.45567321777344,0.026609638705849648,0.9938675419639024,14.507327690720558
sorted_mlp,1,8,28253,512,-100,100,largest_triple_sum,True,10000,1000,1000,288.8565,31.610055923461914,-209.0,300.0,297.0,300.0,5.252865791320801,289.175,32.5161247253418,-54.0,300.0,297.0,300.0,5.292989253997803,287.515,42.54607009887695,-178.0,300.0,297.0,299.0,5.302632808685303,500,15,1e-09,0.001,64,99999,0.005,10.0,False,True,sorted_mlp-diff-set-sizes-results.csv,mse,28,71.16064614095505,17.689589619636536,91.7652587890625,3.2617268562316895,2.04656982421875,155.51239013671875,0.025338921695947647,0.9493056642170816,89.77900511026382
sorted_mlp,1,8,53853,1024,-100,100,largest_triple_sum,True,10000,1000,1000,294.4451,22.33806610107422,-193.0,300.0,299.0,300.0,5.937529563903809,294.731,20.69257354736328,-59.0,300.0,299.0,300.0,5.9778828620910645,294.28,22.296987533569336,26.0,300.0,299.0,300.0,5.986629486083984,500,15,1e-09,0.001,64,99999,0.005,10.0,False,True,sorted_mlp-diff-set-sizes-results.csv,mse,67,30.181382821623686,4.469248816370964,10.237642288208008,1.7879111766815186,1.33563232421875,55.049156188964844,0.00924665667116642,0.9794075698656654,10.111682310700417
